,Date,Price_BTC/USD
0,2013-04-28,134.2100067138672
1,2013-04-29,144.5399932861328
2,2013-04-30,139.0
3,2013-05-01,116.98999786376953
4,2013-05-02,105.20999908447266
5,2013-05-03,97.75
6,2013-05-04,112.5
7,2013-05-05,115.91000366210938
8,2013-05-06,112.30000305175781
9,2013-05-07,111.5
10,2013-05-08,113.56600189208984
11,2013-05-09,112.66999816894531
12,2013-05-10,117.19999694824219
13,2013-05-11,115.24299621582031
14,2013-05-12,115.0
15,2013-05-13,117.9800033569336
16,2013-05-14,111.5
17,2013-05-15,114.22000122070312
18,2013-05-16,118.76000213623047
19,2013-05-17,123.01499938964844
20,2013-05-18,123.49800109863281
21,2013-05-19,121.98999786376953
22,2013-05-20,122.0
23,2013-05-21,122.87999725341797
24,2013-05-22,123.88899993896484
25,2013-05-23,126.69999694824219
26,2013-05-24,133.1999969482422
27,2013-05-25,131.97999572753906
28,2013-05-26,133.47999572753906
29,2013-05-27,129.7449951171875
30,2013-05-28,129.0
31,2013-05-29,132.3000030517578
32,2013-05-30,128.7989959716797
33,2013-05-31,129.0
34,2013-06-01,129.3000030517578
35,2013-06-02,122.29199981689453
36,2013-06-03,122.22200012207031
37,2013-06-04,121.41999816894531
38,2013-06-05,121.6500015258789
39,2013-06-06,118.0
40,2013-06-07,111.5
41,2013-06-08,108.30000305175781
42,2013-06-09,100.0
43,2013-06-10,106.3499984741211
44,2013-06-11,108.9000015258789
45,2013-06-12,108.1500015258789
46,2013-06-13,104.0
47,2013-06-14,99.97889709472656
48,2013-06-15,99.98809814453125
49,2013-06-16,99.51000213623047
50,2013-06-17,101.69999694824219
51,2013-06-18,107.4000015258789
52,2013-06-19,108.25
53,2013-06-20,110.1500015258789
54,2013-06-21,109.5
55,2013-06-22,108.30000305175781
56,2013-06-23,107.5999984741211
57,2013-06-24,102.73699951171875
58,2013-06-25,103.94999694824219
59,2013-06-26,104.0
60,2013-06-27,101.43699645996094
61,2013-06-28,94.64920043945312
62,2013-06-29,94.99400329589844
63,2013-06-30,96.61399841308594
64,2013-07-01,88.05000305175781
65,2013-07-02,90.13400268554688
66,2013-07-03,77.52999877929688
67,2013-07-04,80.52580261230469
68,2013-07-05,68.43099975585938
69,2013-07-06,70.27729797363281
70,2013-07-07,74.56109619140625
71,2013-07-08,76.51599884033203
72,2013-07-09,76.69400024414062
73,2013-07-10,86.76000213623047
74,2013-07-11,88.9800033569336
75,2013-07-12,93.59490203857422
76,2013-07-13,98.13390350341797
77,2013-07-14,94.69129943847656
78,2013-07-15,98.40019989013672
79,2013-07-16,97.45079803466797
80,2013-07-17,98.5
81,2013-07-18,90.58000183105469
82,2013-07-19,92.16999816894531
83,2013-07-20,89.39009857177734
84,2013-07-21,90.7573013305664
85,2013-07-22,91.61000061035156
86,2013-07-23,95.55850219726562
87,2013-07-24,94.51000213623047
88,2013-07-25,96.9000015258789
89,2013-07-26,96.02020263671875
90,2013-07-27,94.11599731445312
91,2013-07-28,99.75599670410156
92,2013-07-29,101.19999694824219
93,2013-07-30,107.98999786376953
94,2013-07-31,106.08999633789062
95,2013-08-01,104.0
96,2013-08-02,104.5009994506836
97,2013-08-03,104.00499725341797
98,2013-08-04,105.14399719238281
99,2013-08-05,106.22000122070312
100,2013-08-06,106.75
101,2013-08-07,106.75
102,2013-08-08,103.0
103,2013-08-09,102.80000305175781
104,2013-08-10,103.0
105,2013-08-11,105.0
106,2013-08-12,106.63600158691406
107,2013-08-13,109.0
108,2013-08-14,112.56199645996094
109,2013-08-15,109.98999786376953
110,2013-08-16,108.99400329589844
111,2013-08-17,113.5
112,2013-08-18,113.5
113,2013-08-19,119.0
114,2013-08-20,121.20500183105469
115,2013-08-21,123.30000305175781
116,2013-08-22,121.1500015258789
117,2013-08-23,118.5009994506836
118,2013-08-24,120.04499816894531
119,2013-08-25,122.11100006103516
120,2013-08-26,120.05599975585938
121,2013-08-27,126.5
122,2013-08-28,122.62000274658203
123,2013-08-29,122.38999938964844
124,2013-08-30,133.49000549316406
125,2013-08-31,135.35000610351562
126,2013-09-01,138.33999633789062
127,2013-09-02,135.85000610351562
128,2013-09-03,136.77000427246094
129,2013-09-04,126.73999786376953
130,2013-09-05,126.43000030517578
131,2013-09-06,119.1500015258789
132,2013-09-07,124.1500015258789
133,2013-09-08,121.66000366210938
134,2013-09-09,127.11000061035156
135,2013-09-10,125.91000366210938
136,2013-09-11,135.25
137,2013-09-12,133.1300048828125
138,2013-09-13,134.97999572753906
139,2013-09-14,129.22000122070312
140,2013-09-15,130.3699951171875
141,2013-09-16,131.72000122070312
142,2013-09-17,131.66000366210938
143,2013-09-18,131.47000122070312
144,2013-09-19,129.64999389648438
145,2013-09-20,127.04000091552734
146,2013-09-21,127.43000030517578
147,2013-09-22,129.1199951171875
148,2013-09-23,125.94999694824219
149,2013-09-24,127.25
150,2013-09-25,128.22000122070312
151,2013-09-26,128.3800048828125
152,2013-09-27,133.77999877929688
153,2013-09-28,134.77999877929688
154,2013-09-29,137.33999633789062
155,2013-09-30,133.0
156,2013-10-01,132.17999267578125
157,2013-10-02,114.12999725341797
158,2013-10-03,123.62999725341797
159,2013-10-04,129.00999450683594
160,2013-10-05,128.5500030517578
161,2013-10-06,129.0
162,2013-10-07,126.94000244140625
163,2013-10-08,126.0
164,2013-10-09,130.69000244140625
165,2013-10-10,130.58999633789062
166,2013-10-11,130.89999389648438
167,2013-10-12,135.19000244140625
168,2013-10-13,138.1300048828125
169,2013-10-14,140.52000427246094
170,2013-10-15,145.24000549316406
171,2013-10-16,142.5500030517578
172,2013-10-17,146.25
173,2013-10-18,155.9600067138672
174,2013-10-19,172.4199981689453
175,2013-10-20,174.61000061035156
176,2013-10-21,182.2100067138672
177,2013-10-22,193.75999450683594
178,2013-10-23,213.6199951171875
179,2013-10-24,198.22999572753906
180,2013-10-25,186.69000244140625
181,2013-10-26,177.32000732421875
182,2013-10-27,196.44000244140625
183,2013-10-28,198.5500030517578
184,2013-10-29,204.38999938964844
185,2013-10-30,199.97000122070312
186,2013-10-31,204.0
187,2013-11-01,206.17999267578125
188,2013-11-02,206.22000122070312
189,2013-11-03,215.0500030517578
190,2013-11-04,229.10000610351562
191,2013-11-05,245.24000549316406
192,2013-11-06,262.5
193,2013-11-07,296.4100036621094
194,2013-11-08,338.1099853515625
195,2013-11-09,339.1099853515625
196,2013-11-10,326.6199951171875
197,2013-11-11,342.44000244140625
198,2013-11-12,360.3299865722656
199,2013-11-13,407.3699951171875
200,2013-11-14,420.20001220703125
201,2013-11-15,417.95001220703125
202,2013-11-16,440.2200012207031
203,2013-11-17,492.1099853515625
204,2013-11-18,703.5599975585938
205,2013-11-19,584.6099853515625
206,2013-11-20,590.8300170898438
207,2013-11-21,722.4299926757812
208,2013-11-22,771.4400024414062
209,2013-11-23,797.8200073242188
210,2013-11-24,774.25
211,2013-11-25,799.1099853515625
212,2013-11-26,928.0999755859375
213,2013-11-27,1001.9600219726562
214,2013-11-28,1031.949951171875
215,2013-11-29,1131.969970703125
216,2013-11-30,1129.4300537109375
217,2013-12-01,955.8499755859375
218,2013-12-02,1043.3299560546875
219,2013-12-03,1078.280029296875
220,2013-12-04,1151.1700439453125
221,2013-12-05,1045.1099853515625
222,2013-12-06,829.4500122070312
223,2013-12-07,698.22998046875
224,2013-12-08,795.8699951171875
225,2013-12-09,893.1900024414062
226,2013-12-10,988.510009765625
227,2013-12-11,878.47998046875
228,2013-12-12,873.260009765625
229,2013-12-13,892.5800170898438
230,2013-12-14,872.5999755859375
231,2013-12-15,876.1199951171875
232,2013-12-16,705.969970703125
233,2013-12-17,682.1199951171875
234,2013-12-18,522.7000122070312
235,2013-12-19,691.9600219726562
236,2013-12-20,625.3200073242188
237,2013-12-21,605.6599731445312
238,2013-12-22,617.1799926757812
239,2013-12-23,673.4099731445312
240,2013-12-24,665.5800170898438
241,2013-12-25,682.2100219726562
242,2013-12-26,761.97998046875
243,2013-12-27,735.0700073242188
244,2013-12-28,727.8300170898438
245,2013-12-29,745.0499877929688
246,2013-12-30,756.1300048828125
247,2013-12-31,754.010009765625
248,2014-01-01,771.4000244140625
249,2014-01-02,802.3900146484375
250,2014-01-03,818.719970703125
251,2014-01-04,859.510009765625
252,2014-01-05,933.530029296875
253,2014-01-06,953.2899780273438
254,2014-01-07,802.0
255,2014-01-08,842.719970703125
256,2014-01-09,846.8599853515625
257,2014-01-10,868.47998046875
258,2014-01-11,913.9500122070312
259,2014-01-12,863.219970703125
260,2014-01-13,841.2000122070312
261,2014-01-14,833.27001953125
262,2014-01-15,860.9000244140625
263,2014-01-16,835.6300048828125
264,2014-01-17,814.6400146484375
265,2014-01-18,840.0
266,2014-01-19,870.9600219726562
267,2014-01-20,870.2000122070312
268,2014-01-21,863.9099731445312
269,2014-01-22,845.5900268554688
270,2014-01-23,822.0399780273438
271,2014-01-24,797.0700073242188
272,2014-01-25,853.6099853515625
273,2014-01-26,885.280029296875
274,2014-01-27,771.3900146484375
275,2014-01-28,812.510009765625
276,2014-01-29,826.0
277,2014-01-30,819.030029296875
278,2014-01-31,829.9199829101562
279,2014-02-01,832.5800170898438
280,2014-02-02,825.3699951171875
281,2014-02-03,823.8300170898438
282,2014-02-04,827.9600219726562
283,2014-02-05,811.9099731445312
284,2014-02-06,781.5499877929688
285,2014-02-07,712.4000244140625
286,2014-02-08,673.9199829101562
287,2014-02-09,682.9000244140625
288,2014-02-10,681.030029296875
289,2014-02-11,672.1699829101562
290,2014-02-12,651.719970703125
291,2014-02-13,605.239990234375
292,2014-02-14,661.989990234375
293,2014-02-15,650.9199829101562
294,2014-02-16,616.6300048828125
295,2014-02-17,626.27001953125
296,2014-02-18,626.5999755859375
297,2014-02-19,623.030029296875
298,2014-02-20,556.1400146484375
299,2014-02-21,574.1599731445312
300,2014-02-22,605.4199829101562
301,2014-02-23,605.8200073242188
302,2014-02-24,546.3200073242188
303,2014-02-25,538.7100219726562
304,2014-02-26,582.6900024414062
305,2014-02-27,578.77001953125
306,2014-02-28,549.260009765625
307,2014-03-01,565.6099853515625
308,2014-03-02,559.7899780273438
309,2014-03-03,667.760009765625
310,2014-03-04,666.780029296875
311,2014-03-05,665.510009765625
312,2014-03-06,663.8599853515625
313,2014-03-07,629.1500244140625
314,2014-03-08,617.4500122070312
315,2014-03-09,636.9600219726562
316,2014-03-10,627.7899780273438
317,2014-03-11,634.1099853515625
318,2014-03-12,632.0999755859375
319,2014-03-13,638.1400146484375
320,2014-03-14,628.7999877929688
321,2014-03-15,636.1199951171875
322,2014-03-16,631.1099853515625
323,2014-03-17,622.3729858398438
324,2014-03-18,614.8319702148438
325,2014-03-19,609.8880004882812
326,2014-03-20,588.77001953125
327,2014-03-21,571.489990234375
328,2014-03-22,565.0399780273438
329,2014-03-23,561.27197265625
330,2014-03-24,583.4119873046875
331,2014-03-25,583.9169921875
332,2014-03-26,580.8270263671875
333,2014-03-27,471.239013671875
334,2014-03-28,495.6659851074219
335,2014-03-29,491.1719970703125
336,2014-03-30,460.27301025390625
337,2014-03-31,457.0010070800781
338,2014-04-01,478.375
339,2014-04-02,437.1400146484375
340,2014-04-03,444.7179870605469
341,2014-04-04,447.5260009765625
342,2014-04-05,461.9070129394531
343,2014-04-06,460.4989929199219
344,2014-04-07,449.4230041503906
345,2014-04-08,453.08599853515625
346,2014-04-09,442.7250061035156
347,2014-04-10,365.1759948730469
348,2014-04-11,420.9469909667969
349,2014-04-12,421.1159973144531
350,2014-04-13,414.06298828125
351,2014-04-14,458.7869873046875
352,2014-04-15,515.5859985351562
353,2014-04-16,527.39501953125
354,2014-04-17,495.9630126953125
355,2014-04-18,479.6449890136719
356,2014-04-19,501.56500244140625
357,2014-04-20,498.1679992675781
358,2014-04-21,495.77301025390625
359,2014-04-22,487.92401123046875
360,2014-04-23,491.3030090332031
361,2014-04-24,500.4649963378906
362,2014-04-25,461.4490051269531
363,2014-04-26,458.60101318359375
364,2014-04-27,436.3900146484375
365,2014-04-28,440.2850036621094
366,2014-04-29,447.2090148925781
367,2014-04-30,447.6449890136719
368,2014-05-01,457.760009765625
369,2014-05-02,449.37701416015625
370,2014-05-03,437.7619934082031
371,2014-05-04,436.40301513671875
372,2014-05-05,433.48199462890625
373,2014-05-06,428.9620056152344
374,2014-05-07,438.8210144042969
375,2014-05-08,440.16900634765625
376,2014-05-09,449.46099853515625
377,2014-05-10,454.4330139160156
378,2014-05-11,438.885986328125
379,2014-05-12,441.4620056152344
380,2014-05-13,440.6709899902344
381,2014-05-14,443.97198486328125
382,2014-05-15,447.25201416015625
383,2014-05-16,448.0580139160156
384,2014-05-17,448.90301513671875
385,2014-05-18,446.2640075683594
386,2014-05-19,446.1809997558594
387,2014-05-20,485.7239990234375
388,2014-05-21,491.7699890136719
389,2014-05-22,524.5789794921875
390,2014-05-23,520.2219848632812
391,2014-05-24,525.1380004882812
392,2014-05-25,571.5880126953125
393,2014-05-26,583.4240112304688
394,2014-05-27,571.2440185546875
395,2014-05-28,577.06201171875
396,2014-05-29,568.1799926757812
397,2014-05-30,615.3250122070312
398,2014-05-31,623.677001953125
399,2014-06-01,630.22900390625
400,2014-06-02,660.6179809570312
401,2014-06-03,667.60498046875
402,2014-06-04,641.614013671875
403,2014-06-05,659.2579956054688
404,2014-06-06,653.7020263671875
405,2014-06-07,654.968994140625
406,2014-06-08,656.1400146484375
407,2014-06-09,649.1589965820312
408,2014-06-10,653.1500244140625
409,2014-06-11,633.02001953125
410,2014-06-12,586.9520263671875
411,2014-06-13,600.1630249023438
412,2014-06-14,577.3579711914062
413,2014-06-15,592.93701171875
414,2014-06-16,592.18798828125
415,2014-06-17,610.864013671875
416,2014-06-18,607.9580078125
417,2014-06-19,598.0709838867188
418,2014-06-20,594.14599609375
419,2014-06-21,594.9920043945312
420,2014-06-22,602.2730102539062
421,2014-06-23,593.9840087890625
422,2014-06-24,582.3569946289062
423,2014-06-25,566.3359985351562
424,2014-06-26,581.1370239257812
425,2014-06-27,597.260986328125
426,2014-06-28,596.5490112304688
427,2014-06-29,602.7150268554688
428,2014-06-30,639.7969970703125
429,2014-07-01,640.8060302734375
430,2014-07-02,650.8790283203125
431,2014-07-03,645.156005859375
432,2014-07-04,630.6920166015625
433,2014-07-05,631.4569702148438
434,2014-07-06,635.8070068359375
435,2014-07-07,624.0859985351562
436,2014-07-08,624.8179931640625
437,2014-07-09,624.5089721679688
438,2014-07-10,616.7620239257812
439,2014-07-11,632.0029907226562
440,2014-07-12,633.7130126953125
441,2014-07-13,626.4970092773438
442,2014-07-14,619.3150024414062
443,2014-07-15,621.5859985351562
444,2014-07-16,616.7999877929688
445,2014-07-17,623.0889892578125
446,2014-07-18,628.7789916992188
447,2014-07-19,628.5150146484375
448,2014-07-20,623.9000244140625
449,2014-07-21,622.2109985351562
450,2014-07-22,621.551025390625
451,2014-07-23,619.4149780273438
452,2014-07-24,601.7329711914062
453,2014-07-25,601.0889892578125
454,2014-07-26,595.81298828125
455,2014-07-27,593.8519897460938
456,2014-07-28,585.6909790039062
457,2014-07-29,584.7249755859375
458,2014-07-30,567.2930297851562
459,2014-07-31,586.2349853515625
460,2014-08-01,594.916015625
461,2014-08-02,589.3330078125
462,2014-08-03,586.666015625
463,2014-08-04,588.781982421875
464,2014-08-05,585.4359741210938
465,2014-08-06,584.6530151367188
466,2014-08-07,588.8690185546875
467,2014-08-08,592.5770263671875
468,2014-08-09,589.3720092773438
469,2014-08-10,591.0609741210938
470,2014-08-11,576.3679809570312
471,2014-08-12,569.6420288085938
472,2014-08-13,546.6580200195312
473,2014-08-14,505.9739990234375
474,2014-08-15,497.010009765625
475,2014-08-16,519.7080078125
476,2014-08-17,491.7950134277344
477,2014-08-18,461.4599914550781
478,2014-08-19,485.2449951171875
479,2014-08-20,511.9800109863281
480,2014-08-21,517.2369995117188
481,2014-08-22,514.0430297851562
482,2014-08-23,498.07501220703125
483,2014-08-24,508.2860107421875
484,2014-08-25,502.4960021972656
485,2014-08-26,511.57000732421875
486,2014-08-27,511.15301513671875
487,2014-08-28,507.81500244140625
488,2014-08-29,508.5169982910156
489,2014-08-30,504.2489929199219
490,2014-08-31,477.76300048828125
491,2014-09-01,474.8789978027344
492,2014-09-02,477.4259948730469
493,2014-09-03,477.58599853515625
494,2014-09-04,489.6600036621094
495,2014-09-05,483.3420104980469
496,2014-09-06,484.8299865722656
497,2014-09-07,482.27801513671875
498,2014-09-08,474.6000061035156
499,2014-09-09,475.260009765625
500,2014-09-10,479.3590087890625
501,2014-09-11,479.7489929199219
502,2014-09-12,477.75299072265625
503,2014-09-13,479.00201416015625
504,2014-09-14,477.8919982910156
505,2014-09-15,475.3710021972656
506,2014-09-16,466.0570068359375
507,2014-09-17,457.3340148925781
508,2014-09-18,424.44000244140625
509,2014-09-19,394.7959899902344
510,2014-09-20,408.90399169921875
511,2014-09-21,398.8210144042969
512,2014-09-22,402.1520080566406
513,2014-09-23,435.7909851074219
514,2014-09-24,423.2049865722656
515,2014-09-25,411.5740051269531
516,2014-09-26,404.42498779296875
517,2014-09-27,399.5199890136719
518,2014-09-28,377.1809997558594
519,2014-09-29,375.4670104980469
520,2014-09-30,386.9440002441406
521,2014-10-01,383.614990234375
522,2014-10-02,375.0719909667969
523,2014-10-03,359.5119934082031
524,2014-10-04,328.8659973144531
525,2014-10-05,320.510009765625
526,2014-10-06,330.0790100097656
527,2014-10-07,336.18701171875
528,2014-10-08,352.94000244140625
529,2014-10-09,365.0260009765625
530,2014-10-10,361.56201171875
531,2014-10-11,362.29901123046875
532,2014-10-12,378.54901123046875
533,2014-10-13,390.41400146484375
534,2014-10-14,400.8699951171875
535,2014-10-15,394.77301025390625
536,2014-10-16,382.5559997558594
537,2014-10-17,383.75799560546875
538,2014-10-18,391.4419860839844
539,2014-10-19,389.5459899902344
540,2014-10-20,382.8450012207031
541,2014-10-21,386.4750061035156
542,2014-10-22,383.1579895019531
543,2014-10-23,358.4169921875
544,2014-10-24,358.3450012207031
545,2014-10-25,347.27099609375
546,2014-10-26,354.7040100097656
547,2014-10-27,352.989013671875
548,2014-10-28,357.6180114746094
549,2014-10-29,335.59100341796875
550,2014-10-30,345.30499267578125
551,2014-10-31,338.3210144042969
552,2014-11-01,325.7489929199219
553,2014-11-02,325.8919982910156
554,2014-11-03,327.5539855957031
555,2014-11-04,330.49200439453125
556,2014-11-05,339.4859924316406
557,2014-11-06,349.2900085449219
558,2014-11-07,342.4150085449219
559,2014-11-08,345.4880065917969
560,2014-11-09,363.2640075683594
561,2014-11-10,366.92401123046875
562,2014-11-11,367.69500732421875
563,2014-11-12,423.5610046386719
564,2014-11-13,420.7349853515625
565,2014-11-14,397.8179931640625
566,2014-11-15,376.13299560546875
567,2014-11-16,387.8819885253906
568,2014-11-17,387.4079895019531
569,2014-11-18,375.197998046875
570,2014-11-19,380.55499267578125
571,2014-11-20,357.8399963378906
572,2014-11-21,350.8479919433594
573,2014-11-22,352.9200134277344
574,2014-11-23,367.572998046875
575,2014-11-24,376.9010009765625
576,2014-11-25,375.3479919433594
577,2014-11-26,368.3699951171875
578,2014-11-27,369.6700134277344
579,2014-11-28,376.4469909667969
580,2014-11-29,375.4909973144531
581,2014-11-30,378.0469970703125
582,2014-12-01,379.2449951171875
583,2014-12-02,381.31500244140625
584,2014-12-03,375.010009765625
585,2014-12-04,369.60400390625
586,2014-12-05,376.85400390625
587,2014-12-06,374.7850036621094
588,2014-12-07,375.0950012207031
589,2014-12-08,361.90899658203125
590,2014-12-09,352.218994140625
591,2014-12-10,346.364990234375
592,2014-12-11,350.5060119628906
593,2014-12-12,352.5419921875
594,2014-12-13,347.3760070800781
595,2014-12-14,351.6319885253906
596,2014-12-15,345.3450012207031
597,2014-12-16,327.06201171875
598,2014-12-17,319.7760009765625
599,2014-12-18,311.39599609375
600,2014-12-19,317.8429870605469
601,2014-12-20,329.95599365234375
602,2014-12-21,320.8429870605469
603,2014-12-22,331.885986328125
604,2014-12-23,334.5719909667969
605,2014-12-24,322.53399658203125
606,2014-12-25,319.00799560546875
607,2014-12-26,327.92401123046875
608,2014-12-27,315.8630065917969
609,2014-12-28,317.239013671875
610,2014-12-29,312.6700134277344
611,2014-12-30,310.73699951171875
612,2014-12-31,320.1929931640625
613,2015-01-01,314.2489929199219
614,2015-01-02,315.0320129394531
615,2015-01-03,281.0820007324219
616,2015-01-04,264.19500732421875
617,2015-01-05,274.4739990234375
618,2015-01-06,286.1889953613281
619,2015-01-07,294.3370056152344
620,2015-01-08,283.3489990234375
621,2015-01-09,290.4079895019531
622,2015-01-10,274.7959899902344
623,2015-01-11,265.6600036621094
624,2015-01-12,267.7959899902344
625,2015-01-13,225.86099243164062
626,2015-01-14,178.10299682617188
627,2015-01-15,209.843994140625
628,2015-01-16,208.0970001220703
629,2015-01-17,199.25999450683594
630,2015-01-18,210.33900451660156
631,2015-01-19,214.86099243164062
632,2015-01-20,211.31500244140625
633,2015-01-21,226.89700317382812
634,2015-01-22,233.406005859375
635,2015-01-23,232.87899780273438
636,2015-01-24,247.8470001220703
637,2015-01-25,253.71800231933594
638,2015-01-26,273.4729919433594
639,2015-01-27,263.4750061035156
640,2015-01-28,233.9149932861328
641,2015-01-29,233.51300048828125
642,2015-01-30,226.4250030517578
643,2015-01-31,217.46400451660156
644,2015-02-01,226.9720001220703
645,2015-02-02,238.22900390625
646,2015-02-03,227.26800537109375
647,2015-02-04,226.85299682617188
648,2015-02-05,217.11099243164062
649,2015-02-06,222.26600646972656
650,2015-02-07,227.75399780273438
651,2015-02-08,223.41200256347656
652,2015-02-09,220.11000061035156
653,2015-02-10,219.83900451660156
654,2015-02-11,219.18499755859375
655,2015-02-12,221.76400756835938
656,2015-02-13,235.427001953125
657,2015-02-14,257.3210144042969
658,2015-02-15,234.8249969482422
659,2015-02-16,233.84300231933594
660,2015-02-17,243.61000061035156
661,2015-02-18,236.3260040283203
662,2015-02-19,240.2830047607422
663,2015-02-20,243.7790069580078
664,2015-02-21,244.53399658203125
665,2015-02-22,235.9770050048828
666,2015-02-23,238.89199829101562
667,2015-02-24,238.73500061035156
668,2015-02-25,237.47000122070312
669,2015-02-26,236.42599487304688
670,2015-02-27,253.8280029296875
671,2015-02-28,254.26300048828125
672,2015-03-01,260.2019958496094
673,2015-03-02,275.6700134277344
674,2015-03-03,281.7019958496094
675,2015-03-04,273.0920104980469
676,2015-03-05,276.1780090332031
677,2015-03-06,272.7229919433594
678,2015-03-07,276.260986328125
679,2015-03-08,274.35400390625
680,2015-03-09,289.60699462890625
681,2015-03-10,291.760009765625
682,2015-03-11,296.3789978027344
683,2015-03-12,294.35400390625
684,2015-03-13,285.3370056152344
685,2015-03-14,281.885009765625
686,2015-03-15,286.39300537109375
687,2015-03-16,290.5929870605469
688,2015-03-17,285.5050048828125
689,2015-03-18,256.29901123046875
690,2015-03-19,260.9280090332031
691,2015-03-20,261.7489929199219
692,2015-03-21,260.0249938964844
693,2015-03-22,267.9599914550781
694,2015-03-23,266.739990234375
695,2015-03-24,245.59500122070312
696,2015-03-25,246.19700622558594
697,2015-03-26,248.53199768066406
698,2015-03-27,247.0290069580078
699,2015-03-28,252.79800415039062
700,2015-03-29,242.71299743652344
701,2015-03-30,247.5260009765625
702,2015-03-31,244.2239990234375
703,2015-04-01,247.27200317382812
704,2015-04-02,253.0050048828125
705,2015-04-03,254.32200622558594
706,2015-04-04,253.69700622558594
707,2015-04-05,260.5979919433594
708,2015-04-06,255.49200439453125
709,2015-04-07,253.17999267578125
710,2015-04-08,245.02200317382812
711,2015-04-09,243.67599487304688
712,2015-04-10,236.07200622558594
713,2015-04-11,236.552001953125
714,2015-04-12,236.1529998779297
715,2015-04-13,224.58700561523438
716,2015-04-14,219.15899658203125
717,2015-04-15,223.83299255371094
718,2015-04-16,228.572998046875
719,2015-04-17,222.8820037841797
720,2015-04-18,223.3560028076172
721,2015-04-19,222.60000610351562
722,2015-04-20,224.62600708007812
723,2015-04-21,235.2689971923828
724,2015-04-22,234.17599487304688
725,2015-04-23,236.46200561523438
726,2015-04-24,231.26800537109375
727,2015-04-25,226.38999938964844
728,2015-04-26,219.42999267578125
729,2015-04-27,229.28599548339844
730,2015-04-28,225.85499572753906
731,2015-04-29,225.80799865722656
732,2015-04-30,236.14500427246094
733,2015-05-01,232.07899475097656
734,2015-05-02,234.92999267578125
735,2015-05-03,240.35800170898438
736,2015-05-04,239.01800537109375
737,2015-05-05,236.12100219726562
738,2015-05-06,229.78199768066406
739,2015-05-07,237.33399963378906
740,2015-05-08,243.86300659179688
741,2015-05-09,241.83200073242188
742,2015-05-10,240.29600524902344
743,2015-05-11,242.1580047607422
744,2015-05-12,241.11199951171875
745,2015-05-13,236.3769989013672
746,2015-05-14,236.9290008544922
747,2015-05-15,237.60499572753906
748,2015-05-16,236.1529998779297
749,2015-05-17,236.802001953125
750,2015-05-18,233.1280059814453
751,2015-05-19,231.94700622558594
752,2015-05-20,234.01800537109375
753,2015-05-21,235.343994140625
754,2015-05-22,240.34800720214844
755,2015-05-23,238.8719940185547
756,2015-05-24,240.9530029296875
757,2015-05-25,237.11000061035156
758,2015-05-26,237.11599731445312
759,2015-05-27,237.2830047607422
760,2015-05-28,237.4080047607422
761,2015-05-29,237.0959930419922
762,2015-05-30,233.34500122070312
763,2015-05-31,230.19000244140625
764,2015-06-01,222.92599487304688
765,2015-06-02,225.80299377441406
766,2015-06-03,225.87399291992188
767,2015-06-04,224.32400512695312
768,2015-06-05,224.95199584960938
769,2015-06-06,225.61900329589844
770,2015-06-07,222.88099670410156
771,2015-06-08,228.48899841308594
772,2015-06-09,229.04800415039062
773,2015-06-10,228.80299377441406
774,2015-06-11,229.7050018310547
775,2015-06-12,229.98199462890625
776,2015-06-13,232.40199279785156
777,2015-06-14,233.54299926757812
778,2015-06-15,236.822998046875
779,2015-06-16,250.89500427246094
780,2015-06-17,249.28399658203125
781,2015-06-18,249.0070037841797
782,2015-06-19,244.6060028076172
783,2015-06-20,245.21200561523438
784,2015-06-21,243.94400024414062
785,2015-06-22,246.99000549316406
786,2015-06-23,244.29600524902344
787,2015-06-24,240.51499938964844
788,2015-06-25,242.7989959716797
789,2015-06-26,243.593994140625
790,2015-06-27,250.99000549316406
791,2015-06-28,249.01100158691406
792,2015-06-29,257.0639953613281
793,2015-06-30,263.0719909667969
794,2015-07-01,258.6210021972656
795,2015-07-02,255.41200256347656
796,2015-07-03,256.33599853515625
797,2015-07-04,260.885986328125
798,2015-07-05,271.9129943847656
799,2015-07-06,269.0299987792969
800,2015-07-07,266.2070007324219
801,2015-07-08,270.7850036621094
802,2015-07-09,269.2279968261719
803,2015-07-10,284.8940124511719
804,2015-07-11,293.114990234375
805,2015-07-12,310.86700439453125
806,2015-07-13,292.0539855957031
807,2015-07-14,287.4639892578125
808,2015-07-15,285.8290100097656
809,2015-07-16,278.0889892578125
810,2015-07-17,279.47198486328125
811,2015-07-18,274.9010009765625
812,2015-07-19,273.614013671875
813,2015-07-20,278.9809875488281
814,2015-07-21,275.8330078125
815,2015-07-22,277.22198486328125
816,2015-07-23,276.04901123046875
817,2015-07-24,288.27801513671875
818,2015-07-25,288.6969909667969
819,2015-07-26,292.6860046386719
820,2015-07-27,293.6239929199219
821,2015-07-28,294.427001953125
822,2015-07-29,289.5899963378906
823,2015-07-30,287.72198486328125
824,2015-07-31,284.6499938964844
825,2015-08-01,281.60101318359375
826,2015-08-02,282.614013671875
827,2015-08-03,281.22698974609375
828,2015-08-04,285.2179870605469
829,2015-08-05,281.8819885253906
830,2015-08-06,278.5769958496094
831,2015-08-07,279.5849914550781
832,2015-08-08,260.99700927734375
833,2015-08-09,265.0830078125
834,2015-08-10,264.4700012207031
835,2015-08-11,270.385986328125
836,2015-08-12,266.3760070800781
837,2015-08-13,264.0799865722656
838,2015-08-14,265.67999267578125
839,2015-08-15,261.5509948730469
840,2015-08-16,258.5069885253906
841,2015-08-17,257.97601318359375
842,2015-08-18,211.07899475097656
843,2015-08-19,226.6840057373047
844,2015-08-20,235.35000610351562
845,2015-08-21,232.56900024414062
846,2015-08-22,230.38999938964844
847,2015-08-23,228.16900634765625
848,2015-08-24,210.4949951171875
849,2015-08-25,221.60899353027344
850,2015-08-26,225.83099365234375
851,2015-08-27,224.7689971923828
852,2015-08-28,231.39599609375
853,2015-08-29,229.77999877929688
854,2015-08-30,228.76100158691406
855,2015-08-31,230.05599975585938
856,2015-09-01,228.12100219726562
857,2015-09-02,229.28399658203125
858,2015-09-03,227.18299865722656
859,2015-09-04,230.29800415039062
860,2015-09-05,235.0189971923828
861,2015-09-06,239.83999633789062
862,2015-09-07,239.8470001220703
863,2015-09-08,243.60699462890625
864,2015-09-09,238.16799926757812
865,2015-09-10,238.4770050048828
866,2015-09-11,240.10699462890625
867,2015-09-12,235.22900390625
868,2015-09-13,230.51199340820312
869,2015-09-14,230.6439971923828
870,2015-09-15,230.3040008544922
871,2015-09-16,229.09100341796875
872,2015-09-17,229.80999755859375
873,2015-09-18,232.97500610351562
874,2015-09-19,231.4929962158203
875,2015-09-20,231.21200561523438
876,2015-09-21,227.0850067138672
877,2015-09-22,230.6179962158203
878,2015-09-23,230.2830047607422
879,2015-09-24,234.5290069580078
880,2015-09-25,235.1439971923828
881,2015-09-26,234.33999633789062
882,2015-09-27,232.7570037841797
883,2015-09-28,239.14199829101562
884,2015-09-29,236.68699645996094
885,2015-09-30,236.05999755859375
886,2015-10-01,237.5489959716797
887,2015-10-02,237.29299926757812
888,2015-10-03,238.72999572753906
889,2015-10-04,238.25900268554688
890,2015-10-05,240.38299560546875
891,2015-10-06,246.06300354003906
892,2015-10-07,242.968994140625
893,2015-10-08,242.3040008544922
894,2015-10-09,243.93099975585938
895,2015-10-10,244.9409942626953
896,2015-10-11,247.0500030517578
897,2015-10-12,245.30799865722656
898,2015-10-13,249.50799560546875
899,2015-10-14,251.98899841308594
900,2015-10-15,254.32000732421875
901,2015-10-16,262.8689880371094
902,2015-10-17,270.6400146484375
903,2015-10-18,261.64300537109375
904,2015-10-19,263.43701171875
905,2015-10-20,269.4630126953125
906,2015-10-21,266.2720031738281
907,2015-10-22,274.02301025390625
908,2015-10-23,276.4960021972656
909,2015-10-24,281.65399169921875
910,2015-10-25,283.67999267578125
911,2015-10-26,285.29998779296875
912,2015-10-27,293.7879943847656
913,2015-10-28,304.6180114746094
914,2015-10-29,313.8550109863281
915,2015-10-30,328.0150146484375
916,2015-10-31,314.1659851074219
917,2015-11-01,325.4309997558594
918,2015-11-02,361.1889953613281
919,2015-11-03,403.4169921875
920,2015-11-04,411.56298828125
921,2015-11-05,386.35400390625
922,2015-11-06,374.4700012207031
923,2015-11-07,386.48199462890625
924,2015-11-08,373.3680114746094
925,2015-11-09,380.2569885253906
926,2015-11-10,336.8190002441406
927,2015-11-11,311.0840148925781
928,2015-11-12,338.1520080566406
929,2015-11-13,336.75299072265625
930,2015-11-14,332.906005859375
931,2015-11-15,320.1659851074219
932,2015-11-16,330.7510070800781
933,2015-11-17,335.093994140625
934,2015-11-18,334.5899963378906
935,2015-11-19,326.14898681640625
936,2015-11-20,322.0220031738281
937,2015-11-21,326.927001953125
938,2015-11-22,324.5360107421875
939,2015-11-23,323.0459899902344
940,2015-11-24,320.0459899902344
941,2015-11-25,328.20599365234375
942,2015-11-26,352.6839904785156
943,2015-11-27,358.0419921875
944,2015-11-28,357.3810119628906
945,2015-11-29,371.29400634765625
946,2015-11-30,377.3210144042969
947,2015-12-01,362.4880065917969
948,2015-12-02,359.18701171875
949,2015-12-03,361.0459899902344
950,2015-12-04,363.1830139160156
951,2015-12-05,388.9490051269531
952,2015-12-06,388.7829895019531
953,2015-12-07,395.5360107421875
954,2015-12-08,415.56298828125
955,2015-12-09,417.56298828125
956,2015-12-10,415.47900390625
957,2015-12-11,451.93798828125
958,2015-12-12,434.99700927734375
959,2015-12-13,433.7550048828125
960,2015-12-14,444.1820068359375
961,2015-12-15,465.3210144042969
962,2015-12-16,454.9339904785156
963,2015-12-17,456.0780029296875
964,2015-12-18,463.6159973144531
965,2015-12-19,462.3219909667969
966,2015-12-20,442.68499755859375
967,2015-12-21,438.6390075683594
968,2015-12-22,436.5719909667969
969,2015-12-23,442.4010009765625
970,2015-12-24,454.9849853515625
971,2015-12-25,455.65301513671875
972,2015-12-26,417.27398681640625
973,2015-12-27,422.822998046875
974,2015-12-28,422.27899169921875
975,2015-12-29,432.9830017089844
976,2015-12-30,426.6199951171875
977,2015-12-31,430.5669860839844
978,2016-01-01,434.3340148925781
979,2016-01-02,433.43798828125
980,2016-01-03,430.010986328125
981,2016-01-04,433.09100341796875
982,2016-01-05,431.9599914550781
983,2016-01-06,429.1050109863281
984,2016-01-07,458.0480041503906
985,2016-01-08,453.2300109863281
986,2016-01-09,447.6109924316406
987,2016-01-10,447.9909973144531
988,2016-01-11,448.4280090332031
989,2016-01-12,435.69000244140625
990,2016-01-13,432.3710021972656
991,2016-01-14,430.3059997558594
992,2016-01-15,364.33099365234375
993,2016-01-16,387.5360107421875
994,2016-01-17,382.29901123046875
995,2016-01-18,387.1679992675781
996,2016-01-19,380.14898681640625
997,2016-01-20,420.2300109863281
998,2016-01-21,410.2619934082031
999,2016-01-22,382.49200439453125
1000,2016-01-23,387.4909973144531
1001,2016-01-24,402.97100830078125
1002,2016-01-25,391.72601318359375
1003,2016-01-26,392.15301513671875
1004,2016-01-27,394.97198486328125
1005,2016-01-28,380.28900146484375
1006,2016-01-29,379.4739990234375
1007,2016-01-30,378.2550048828125
1008,2016-01-31,368.7669982910156
1009,2016-02-01,373.0559997558594
1010,2016-02-02,374.447998046875
1011,2016-02-03,369.9490051269531
1012,2016-02-04,389.593994140625
1013,2016-02-05,386.54901123046875
1014,2016-02-06,376.5220031738281
1015,2016-02-07,376.6199951171875
1016,2016-02-08,373.4469909667969
1017,2016-02-09,376.02899169921875
1018,2016-02-10,381.64898681640625
1019,2016-02-11,379.65399169921875
1020,2016-02-12,384.26300048828125
1021,2016-02-13,391.8599853515625
1022,2016-02-14,407.2300109863281
1023,2016-02-15,400.18499755859375
1024,2016-02-16,407.4880065917969
1025,2016-02-17,416.3219909667969
1026,2016-02-18,422.37298583984375
1027,2016-02-19,420.7850036621094
1028,2016-02-20,437.16400146484375
1029,2016-02-21,438.7980041503906
1030,2016-02-22,437.74798583984375
1031,2016-02-23,420.7359924316406
1032,2016-02-24,424.9549865722656
1033,2016-02-25,424.54400634765625
1034,2016-02-26,432.1520080566406
1035,2016-02-27,432.5190124511719
1036,2016-02-28,433.5039978027344
1037,2016-02-29,437.6969909667969
1038,2016-03-01,435.12298583984375
1039,2016-03-02,423.989013671875
1040,2016-03-03,421.6510009765625
1041,2016-03-04,410.9389953613281
1042,2016-03-05,400.57000732421875
1043,2016-03-06,407.7070007324219
1044,2016-03-07,414.3210144042969
1045,2016-03-08,413.97198486328125
1046,2016-03-09,414.8599853515625
1047,2016-03-10,417.1310119628906
1048,2016-03-11,421.69000244140625
1049,2016-03-12,411.6239929199219
1050,2016-03-13,414.06500244140625
1051,2016-03-14,416.43798828125
1052,2016-03-15,416.8299865722656
1053,2016-03-16,417.010986328125
1054,2016-03-17,420.6210021972656
1055,2016-03-18,409.5480041503906
1056,2016-03-19,410.4440002441406
1057,2016-03-20,413.7550048828125
1058,2016-03-21,413.3070068359375
1059,2016-03-22,418.0889892578125
1060,2016-03-23,418.0409851074219
1061,2016-03-24,416.3940124511719
1062,2016-03-25,417.177001953125
1063,2016-03-26,417.94500732421875
1064,2016-03-27,426.7650146484375
1065,2016-03-28,424.2309875488281
1066,2016-03-29,416.5159912109375
1067,2016-03-30,414.8160095214844
1068,2016-03-31,416.72900390625
1069,2016-04-01,417.9599914550781
1070,2016-04-02,420.87298583984375
1071,2016-04-03,420.90399169921875
1072,2016-04-04,421.4440002441406
1073,2016-04-05,424.0299987792969
1074,2016-04-06,423.4129943847656
1075,2016-04-07,422.7449951171875
1076,2016-04-08,420.3489990234375
1077,2016-04-09,419.4110107421875
1078,2016-04-10,421.5639953613281
1079,2016-04-11,422.4830017089844
1080,2016-04-12,425.19000244140625
1081,2016-04-13,423.7340087890625
1082,2016-04-14,424.2820129394531
1083,2016-04-15,429.7130126953125
1084,2016-04-16,430.5719909667969
1085,2016-04-17,427.39898681640625
1086,2016-04-18,428.59100341796875
1087,2016-04-19,435.5090026855469
1088,2016-04-20,441.3890075683594
1089,2016-04-21,449.42498779296875
1090,2016-04-22,445.73699951171875
1091,2016-04-23,450.2820129394531
1092,2016-04-24,458.55499267578125
1093,2016-04-25,461.4259948730469
1094,2016-04-26,466.0889892578125
1095,2016-04-27,444.68701171875
1096,2016-04-28,449.010986328125
1097,2016-04-29,455.09698486328125
1098,2016-04-30,448.3179931640625
1099,2016-05-01,451.875
1100,2016-05-02,444.66900634765625
1101,2016-05-03,450.3039855957031
1102,2016-05-04,446.72198486328125
1103,2016-05-05,447.97601318359375
1104,2016-05-06,459.6029968261719
1105,2016-05-07,458.5360107421875
1106,2016-05-08,458.5480041503906
1107,2016-05-09,460.4830017089844
1108,2016-05-10,450.8949890136719
1109,2016-05-11,452.7279968261719
1110,2016-05-12,454.7659912109375
1111,2016-05-13,455.6700134277344
1112,2016-05-14,455.6709899902344
1113,2016-05-15,457.5679931640625
1114,2016-05-16,454.1629943847656
1115,2016-05-17,453.7829895019531
1116,2016-05-18,454.6189880371094
1117,2016-05-19,438.7149963378906
1118,2016-05-20,442.6759948730469
1119,2016-05-21,443.18798828125
1120,2016-05-22,439.322998046875
1121,2016-05-23,444.1549987792969
1122,2016-05-24,445.9809875488281
1123,2016-05-25,449.5989990234375
1124,2016-05-26,453.3840026855469
1125,2016-05-27,473.4639892578125
1126,2016-05-28,530.0399780273438
1127,2016-05-29,526.2329711914062
1128,2016-05-30,533.864013671875
1129,2016-05-31,531.385986328125
1130,2016-06-01,536.9199829101562
1131,2016-06-02,537.9719848632812
1132,2016-06-03,569.1939697265625
1133,2016-06-04,572.7269897460938
1134,2016-06-05,574.9769897460938
1135,2016-06-06,585.5369873046875
1136,2016-06-07,576.5969848632812
1137,2016-06-08,581.64501953125
1138,2016-06-09,574.6300048828125
1139,2016-06-10,577.469970703125
1140,2016-06-11,606.7269897460938
1141,2016-06-12,672.7839965820312
1142,2016-06-13,704.3759765625
1143,2016-06-14,685.5590209960938
1144,2016-06-15,694.468994140625
1145,2016-06-16,766.3079833984375
1146,2016-06-17,748.9089965820312
1147,2016-06-18,756.2269897460938
1148,2016-06-19,763.781005859375
1149,2016-06-20,737.2260131835938
1150,2016-06-21,666.6519775390625
1151,2016-06-22,596.1160278320312
1152,2016-06-23,623.9769897460938
1153,2016-06-24,665.2990112304688
1154,2016-06-25,665.1229858398438
1155,2016-06-26,629.3670043945312
1156,2016-06-27,655.2750244140625
1157,2016-06-28,647.0009765625
1158,2016-06-29,639.8900146484375
1159,2016-06-30,673.3369750976562
1160,2016-07-01,676.2960205078125
1161,2016-07-02,703.7020263671875
1162,2016-07-03,658.6640014648438
1163,2016-07-04,683.6619873046875
1164,2016-07-05,670.6270141601562
1165,2016-07-06,677.3309936523438
1166,2016-07-07,640.56201171875
1167,2016-07-08,666.5230102539062
1168,2016-07-09,650.9600219726562
1169,2016-07-10,649.3599853515625
1170,2016-07-11,647.6589965820312
1171,2016-07-12,664.551025390625
1172,2016-07-13,654.468017578125
1173,2016-07-14,658.0780029296875
1174,2016-07-15,663.2550048828125
1175,2016-07-16,660.7670288085938
1176,2016-07-17,679.458984375
1177,2016-07-18,673.1060180664062
1178,2016-07-19,672.864013671875
1179,2016-07-20,665.6849975585938
1180,2016-07-21,665.0120239257812
1181,2016-07-22,650.6190185546875
1182,2016-07-23,655.5560302734375
1183,2016-07-24,661.2849731445312
1184,2016-07-25,654.0969848632812
1185,2016-07-26,651.7839965820312
1186,2016-07-27,654.3519897460938
1187,2016-07-28,655.0349731445312
1188,2016-07-29,656.9920043945312
1189,2016-07-30,655.0469970703125
1190,2016-07-31,624.6810302734375
1191,2016-08-01,606.27197265625
1192,2016-08-02,547.4650268554688
1193,2016-08-03,566.35498046875
1194,2016-08-04,578.2890014648438
1195,2016-08-05,575.0430297851562
1196,2016-08-06,587.7780151367188
1197,2016-08-07,592.6900024414062
1198,2016-08-08,591.0540161132812
1199,2016-08-09,587.801025390625
1200,2016-08-10,592.10302734375
1201,2016-08-11,589.1199951171875
1202,2016-08-12,587.5590209960938
1203,2016-08-13,585.5880126953125
1204,2016-08-14,570.4730224609375
1205,2016-08-15,567.239990234375
1206,2016-08-16,577.4390258789062
1207,2016-08-17,573.2160034179688
1208,2016-08-18,574.3179931640625
1209,2016-08-19,575.6300048828125
1210,2016-08-20,581.697021484375
1211,2016-08-21,581.3079833984375
1212,2016-08-22,586.7529907226562
1213,2016-08-23,583.4149780273438
1214,2016-08-24,580.1820068359375
1215,2016-08-25,577.760986328125
1216,2016-08-26,579.6510009765625
1217,2016-08-27,569.947021484375
1218,2016-08-28,573.9119873046875
1219,2016-08-29,574.1069946289062
1220,2016-08-30,577.5029907226562
1221,2016-08-31,575.4719848632812
1222,2016-09-01,572.302978515625
1223,2016-09-02,575.5369873046875
1224,2016-09-03,598.2119750976562
1225,2016-09-04,608.6339721679688
1226,2016-09-05,606.5900268554688
1227,2016-09-06,610.4359741210938
1228,2016-09-07,614.5440063476562
1229,2016-09-08,626.3159790039062
1230,2016-09-09,622.8610229492188
1231,2016-09-10,623.5089721679688
1232,2016-09-11,606.718994140625
1233,2016-09-12,608.2429809570312
1234,2016-09-13,609.2410278320312
1235,2016-09-14,610.6840209960938
1236,2016-09-15,607.155029296875
1237,2016-09-16,606.9730224609375
1238,2016-09-17,605.9840087890625
1239,2016-09-18,609.8740234375
1240,2016-09-19,609.2269897460938
1241,2016-09-20,608.31201171875
1242,2016-09-21,597.1489868164062
1243,2016-09-22,596.2979736328125
1244,2016-09-23,602.8419799804688
1245,2016-09-24,602.625
1246,2016-09-25,600.8259887695312
1247,2016-09-26,608.0430297851562
1248,2016-09-27,606.166015625
1249,2016-09-28,604.72802734375
1250,2016-09-29,605.6929931640625
1251,2016-09-30,609.7349853515625
1252,2016-10-01,613.9829711914062
1253,2016-10-02,610.8920288085938
1254,2016-10-03,612.1329956054688
1255,2016-10-04,610.2039794921875
1256,2016-10-05,612.510986328125
1257,2016-10-06,613.02099609375
1258,2016-10-07,617.1209716796875
1259,2016-10-08,619.1079711914062
1260,2016-10-09,616.7520141601562
1261,2016-10-10,618.9940185546875
1262,2016-10-11,641.072021484375
1263,2016-10-12,636.1920166015625
1264,2016-10-13,636.7860107421875
1265,2016-10-14,640.3779907226562
1266,2016-10-15,638.64599609375
1267,2016-10-16,641.6309814453125
1268,2016-10-17,639.1929931640625
1269,2016-10-18,637.9600219726562
1270,2016-10-19,630.52001953125
1271,2016-10-20,630.8569946289062
1272,2016-10-21,632.8280029296875
1273,2016-10-22,657.2940063476562
1274,2016-10-23,657.0709838867188
1275,2016-10-24,653.760986328125
1276,2016-10-25,657.5880126953125
1277,2016-10-26,678.3040161132812
1278,2016-10-27,688.31298828125
1279,2016-10-28,689.6510009765625
1280,2016-10-29,714.47900390625
1281,2016-10-30,701.864013671875
1282,2016-10-31,700.9719848632812
1283,2016-11-01,729.7930297851562
1284,2016-11-02,740.8289794921875
1285,2016-11-03,688.7000122070312
1286,2016-11-04,703.2349853515625
1287,2016-11-05,703.4180297851562
1288,2016-11-06,711.52197265625
1289,2016-11-07,703.1309814453125
1290,2016-11-08,709.8480224609375
1291,2016-11-09,723.2730102539062
1292,2016-11-10,715.5339965820312
1293,2016-11-11,716.4110107421875
1294,2016-11-12,705.0540161132812
1295,2016-11-13,702.031005859375
1296,2016-11-14,705.02099609375
1297,2016-11-15,711.6190185546875
1298,2016-11-16,744.197998046875
1299,2016-11-17,740.9769897460938
1300,2016-11-18,751.5850219726562
1301,2016-11-19,751.6160278320312
1302,2016-11-20,731.0260009765625
1303,2016-11-21,739.2479858398438
1304,2016-11-22,751.3469848632812
1305,2016-11-23,744.593994140625
1306,2016-11-24,740.2890014648438
1307,2016-11-25,741.6489868164062
1308,2016-11-26,735.3820190429688
1309,2016-11-27,732.0349731445312
1310,2016-11-28,735.81298828125
1311,2016-11-29,735.60400390625
1312,2016-11-30,745.6909790039062
1313,2016-12-01,756.7739868164062
1314,2016-12-02,777.9439697265625
1315,2016-12-03,771.155029296875
1316,2016-12-04,773.8720092773438
1317,2016-12-05,758.7000122070312
1318,2016-12-06,764.2239990234375
1319,2016-12-07,768.1320190429688
1320,2016-12-08,770.8099975585938
1321,2016-12-09,772.7940063476562
1322,2016-12-10,774.6500244140625
1323,2016-12-11,769.7310180664062
1324,2016-12-12,780.0869750976562
1325,2016-12-13,780.5560302734375
1326,2016-12-14,781.4810180664062
1327,2016-12-15,778.0880126953125
1328,2016-12-16,784.906982421875
1329,2016-12-17,790.8289794921875
1330,2016-12-18,790.530029296875
1331,2016-12-19,792.7139892578125
1332,2016-12-20,800.8759765625
1333,2016-12-21,834.281005859375
1334,2016-12-22,864.5399780273438
1335,2016-12-23,921.9840087890625
1336,2016-12-24,898.822021484375
1337,2016-12-25,896.1829833984375
1338,2016-12-26,907.6099853515625
1339,2016-12-27,933.197998046875
1340,2016-12-28,975.9210205078125
1341,2016-12-29,973.4970092773438
1342,2016-12-30,961.2379760742188
1343,2016-12-31,963.7429809570312
1344,2017-01-01,998.3250122070312
1345,2017-01-02,1021.75
1346,2017-01-03,1043.8399658203125
1347,2017-01-04,1154.72998046875
1348,2017-01-05,1013.3800048828125
1349,2017-01-06,902.2009887695312
1350,2017-01-07,908.5850219726562
1351,2017-01-08,911.198974609375
1352,2017-01-09,902.8280029296875
1353,2017-01-10,907.6790161132812
1354,2017-01-11,777.7570190429688
1355,2017-01-12,804.833984375
1356,2017-01-13,823.9840087890625
1357,2017-01-14,818.4119873046875
1358,2017-01-15,821.7979736328125
1359,2017-01-16,831.5339965820312
1360,2017-01-17,907.93798828125
1361,2017-01-18,886.6179809570312
1362,2017-01-19,899.072998046875
1363,2017-01-20,895.0260009765625
1364,2017-01-21,921.7890014648438
1365,2017-01-22,924.6729736328125
1366,2017-01-23,921.0120239257812
1367,2017-01-24,892.68701171875
1368,2017-01-25,901.5419921875
1369,2017-01-26,917.5859985351562
1370,2017-01-27,919.75
1371,2017-01-28,921.5900268554688
1372,2017-01-29,919.4959716796875
1373,2017-01-30,920.3820190429688
1374,2017-01-31,970.4030151367188
1375,2017-02-01,989.0230102539062
1376,2017-02-02,1011.7999877929688
1377,2017-02-03,1029.9100341796875
1378,2017-02-04,1042.9000244140625
1379,2017-02-05,1027.3399658203125
1380,2017-02-06,1038.1500244140625
1381,2017-02-07,1061.3499755859375
1382,2017-02-08,1063.0699462890625
1383,2017-02-09,994.3829956054688
1384,2017-02-10,988.6740112304688
1385,2017-02-11,1004.4500122070312
1386,2017-02-12,999.1810302734375
1387,2017-02-13,990.6420288085938
1388,2017-02-14,1004.5499877929688
1389,2017-02-15,1007.47998046875
1390,2017-02-16,1027.43994140625
1391,2017-02-17,1046.2099609375
1392,2017-02-18,1054.4200439453125
1393,2017-02-19,1047.8699951171875
1394,2017-02-20,1079.97998046875
1395,2017-02-21,1115.300048828125
1396,2017-02-22,1117.43994140625
1397,2017-02-23,1166.719970703125
1398,2017-02-24,1173.6800537109375
1399,2017-02-25,1143.8399658203125
1400,2017-02-26,1165.199951171875
1401,2017-02-27,1179.969970703125
1402,2017-02-28,1179.969970703125
1403,2017-03-01,1222.5
1404,2017-03-02,1251.010009765625
1405,2017-03-03,1274.989990234375
1406,2017-03-04,1255.1500244140625
1407,2017-03-05,1267.1199951171875
1408,2017-03-06,1272.8299560546875
1409,2017-03-07,1223.5400390625
1410,2017-03-08,1150.0
1411,2017-03-09,1188.489990234375
1412,2017-03-10,1116.719970703125
1413,2017-03-11,1175.8299560546875
1414,2017-03-12,1221.3800048828125
1415,2017-03-13,1231.9200439453125
1416,2017-03-14,1240.0
1417,2017-03-15,1249.6099853515625
1418,2017-03-16,1187.81005859375
1419,2017-03-17,1100.22998046875
1420,2017-03-18,973.8179931640625
1421,2017-03-19,1036.739990234375
1422,2017-03-20,1054.22998046875
1423,2017-03-21,1120.5400390625
1424,2017-03-22,1049.1400146484375
1425,2017-03-23,1038.5899658203125
1426,2017-03-24,937.52001953125
1427,2017-03-25,972.7789916992188
1428,2017-03-26,966.7249755859375
1429,2017-03-27,1045.77001953125
1430,2017-03-28,1047.1500244140625
1431,2017-03-29,1039.969970703125
1432,2017-03-30,1026.4300537109375
1433,2017-03-31,1071.7900390625
1434,2017-04-01,1080.5
1435,2017-04-02,1102.1700439453125
1436,2017-04-03,1143.81005859375
1437,2017-04-04,1133.25
1438,2017-04-05,1124.780029296875
1439,2017-04-06,1182.6800537109375
1440,2017-04-07,1176.9000244140625
1441,2017-04-08,1175.949951171875
1442,2017-04-09,1187.8699951171875
1443,2017-04-10,1187.1300048828125
1444,2017-04-11,1205.010009765625
1445,2017-04-12,1200.3699951171875
1446,2017-04-13,1169.280029296875
1447,2017-04-14,1167.5400390625
1448,2017-04-15,1172.52001953125
1449,2017-04-16,1182.93994140625
1450,2017-04-17,1193.9100341796875
1451,2017-04-18,1211.6700439453125
1452,2017-04-19,1210.2900390625
1453,2017-04-20,1229.0799560546875
1454,2017-04-21,1222.050048828125
1455,2017-04-22,1231.7099609375
1456,2017-04-23,1207.2099609375
1457,2017-04-24,1250.1500244140625
1458,2017-04-25,1265.489990234375
1459,2017-04-26,1281.0799560546875
1460,2017-04-27,1317.72998046875
1461,2017-04-28,1316.47998046875
1462,2017-04-29,1321.7900390625
1463,2017-04-30,1347.8900146484375
1464,2017-05-01,1421.5999755859375
1465,2017-05-02,1452.8199462890625
1466,2017-05-03,1490.0899658203125
1467,2017-05-04,1537.6700439453125
1468,2017-05-05,1555.449951171875
1469,2017-05-06,1578.800048828125
1470,2017-05-07,1596.7099609375
1471,2017-05-08,1723.3499755859375
1472,2017-05-09,1755.3599853515625
1473,2017-05-10,1787.1300048828125
1474,2017-05-11,1848.5699462890625
1475,2017-05-12,1724.239990234375
1476,2017-05-13,1804.9100341796875
1477,2017-05-14,1808.9100341796875
1478,2017-05-15,1738.4300537109375
1479,2017-05-16,1734.449951171875
1480,2017-05-17,1839.0899658203125
1481,2017-05-18,1888.6500244140625
1482,2017-05-19,1987.7099609375
1483,2017-05-20,2084.72998046875
1484,2017-05-21,2041.199951171875
1485,2017-05-22,2173.39990234375
1486,2017-05-23,2320.419921875
1487,2017-05-24,2443.639892578125
1488,2017-05-25,2304.97998046875
1489,2017-05-26,2202.419921875
1490,2017-05-27,2038.8699951171875
1491,2017-05-28,2155.800048828125
1492,2017-05-29,2255.610107421875
1493,2017-05-30,2175.469970703125
1494,2017-05-31,2286.409912109375
1495,2017-06-01,2407.8798828125
1496,2017-06-02,2488.550048828125
1497,2017-06-03,2515.35009765625
1498,2017-06-04,2511.81005859375
1499,2017-06-05,2686.81005859375
1500,2017-06-06,2863.199951171875
1501,2017-06-07,2732.159912109375
1502,2017-06-08,2805.6201171875
1503,2017-06-09,2823.81005859375
1504,2017-06-10,2947.7099609375
1505,2017-06-11,2958.110107421875
1506,2017-06-12,2659.6298828125
1507,2017-06-13,2717.02001953125
1508,2017-06-14,2506.3701171875
1509,2017-06-15,2464.580078125
1510,2017-06-16,2518.56005859375
1511,2017-06-17,2655.8798828125
1512,2017-06-18,2548.2900390625
1513,2017-06-19,2589.60009765625
1514,2017-06-20,2721.7900390625
1515,2017-06-21,2689.10009765625
1516,2017-06-22,2705.409912109375
1517,2017-06-23,2744.909912109375
1518,2017-06-24,2608.719970703125
1519,2017-06-25,2589.409912109375
1520,2017-06-26,2478.449951171875
1521,2017-06-27,2552.449951171875
1522,2017-06-28,2574.7900390625
1523,2017-06-29,2539.320068359375
1524,2017-06-30,2480.840087890625
1525,2017-07-01,2434.550048828125
1526,2017-07-02,2506.469970703125
1527,2017-07-03,2564.06005859375
1528,2017-07-04,2601.639892578125
1529,2017-07-05,2601.989990234375
1530,2017-07-06,2608.56005859375
1531,2017-07-07,2518.659912109375
1532,2017-07-08,2571.340087890625
1533,2017-07-09,2518.43994140625
1534,2017-07-10,2372.56005859375
1535,2017-07-11,2337.7900390625
1536,2017-07-12,2398.840087890625
1537,2017-07-13,2357.89990234375
1538,2017-07-14,2233.340087890625
1539,2017-07-15,1998.8599853515625
1540,2017-07-16,1929.8199462890625
1541,2017-07-17,2228.409912109375
1542,2017-07-18,2318.8798828125
1543,2017-07-19,2273.429931640625
1544,2017-07-20,2817.60009765625
1545,2017-07-21,2667.760009765625
1546,2017-07-22,2810.1201171875
1547,2017-07-23,2730.39990234375
1548,2017-07-24,2754.860107421875
1549,2017-07-25,2576.47998046875
1550,2017-07-26,2529.449951171875
1551,2017-07-27,2671.780029296875
1552,2017-07-28,2809.010009765625
1553,2017-07-29,2726.449951171875
1554,2017-07-30,2757.179931640625
1555,2017-07-31,2875.340087890625
1556,2017-08-01,2718.260009765625
1557,2017-08-02,2710.669921875
1558,2017-08-03,2804.72998046875
1559,2017-08-04,2895.889892578125
1560,2017-08-05,3252.909912109375
1561,2017-08-06,3213.93994140625
1562,2017-08-07,3378.93994140625
1563,2017-08-08,3419.93994140625
1564,2017-08-09,3342.469970703125
1565,2017-08-10,3381.280029296875
1566,2017-08-11,3650.6201171875
1567,2017-08-12,3884.7099609375
1568,2017-08-13,4073.260009765625
1569,2017-08-14,4325.1298828125
1570,2017-08-15,4181.93017578125
1571,2017-08-16,4376.6298828125
1572,2017-08-17,4331.68994140625
1573,2017-08-18,4160.6201171875
1574,2017-08-19,4193.7001953125
1575,2017-08-20,4087.659912109375
1576,2017-08-21,4001.739990234375
1577,2017-08-22,4100.52001953125
1578,2017-08-23,4151.52001953125
1579,2017-08-24,4334.68017578125
1580,2017-08-25,4371.60009765625
1581,2017-08-26,4352.39990234375
1582,2017-08-27,4382.8798828125
1583,2017-08-28,4382.66015625
1584,2017-08-29,4579.02001953125
1585,2017-08-30,4565.2998046875
1586,2017-08-31,4703.39013671875
1587,2017-09-01,4892.009765625
1588,2017-09-02,4578.77001953125
1589,2017-09-03,4582.9599609375
1590,2017-09-04,4236.31005859375
1591,2017-09-05,4376.52978515625
1592,2017-09-06,4597.1201171875
1593,2017-09-07,4599.8798828125
1594,2017-09-08,4228.75
1595,2017-09-09,4226.06005859375
1596,2017-09-10,4122.93994140625
1597,2017-09-11,4161.27001953125
1598,2017-09-12,4130.81005859375
1599,2017-09-13,3882.590087890625
1600,2017-09-14,3154.949951171875
1601,2017-09-15,3637.52001953125
1602,2017-09-16,3625.0400390625
1603,2017-09-17,3582.8798828125
1604,2017-09-18,4065.199951171875
1605,2017-09-19,3924.969970703125
1606,2017-09-20,3905.949951171875
1607,2017-09-21,3631.0400390625
1608,2017-09-22,3630.699951171875
1609,2017-09-23,3792.39990234375
1610,2017-09-24,3682.840087890625
1611,2017-09-25,3926.070068359375
1612,2017-09-26,3892.35009765625
1613,2017-09-27,4200.669921875
1614,2017-09-28,4174.72998046875
1615,2017-09-29,4163.06982421875
1616,2017-09-30,4338.7099609375
1617,2017-10-01,4403.740234375
1618,2017-10-02,4409.31982421875
1619,2017-10-03,4317.47998046875
1620,2017-10-04,4229.35986328125
1621,2017-10-05,4328.41015625
1622,2017-10-06,4370.81005859375
1623,2017-10-07,4426.89013671875
1624,2017-10-08,4610.47998046875
1625,2017-10-09,4772.02001953125
1626,2017-10-10,4781.990234375
1627,2017-10-11,4826.47998046875
1628,2017-10-12,5446.91015625
1629,2017-10-13,5647.2099609375
1630,2017-10-14,5831.7900390625
1631,2017-10-15,5678.18994140625
1632,2017-10-16,5725.58984375
1633,2017-10-17,5605.509765625
1634,2017-10-18,5590.68994140625
1635,2017-10-19,5708.52001953125
1636,2017-10-20,6011.4501953125
1637,2017-10-21,6031.60009765625
1638,2017-10-22,6008.419921875
1639,2017-10-23,5930.31982421875
1640,2017-10-24,5526.64013671875
1641,2017-10-25,5750.7998046875
1642,2017-10-26,5904.830078125
1643,2017-10-27,5780.89990234375
1644,2017-10-28,5753.08984375
1645,2017-10-29,6153.85009765625
1646,2017-10-30,6130.52978515625
1647,2017-10-31,6468.39990234375
1648,2017-11-01,6767.31005859375
1649,2017-11-02,7078.5
1650,2017-11-03,7207.759765625
1651,2017-11-04,7379.9501953125
1652,2017-11-05,7407.41015625
1653,2017-11-06,7022.759765625
1654,2017-11-07,7144.3798828125
1655,2017-11-08,7459.68994140625
1656,2017-11-09,7143.580078125
1657,2017-11-10,6618.14013671875
1658,2017-11-11,6357.60009765625
1659,2017-11-12,5950.06982421875
1660,2017-11-13,6559.490234375
1661,2017-11-14,6635.75
1662,2017-11-15,7315.5400390625
1663,2017-11-16,7871.68994140625
1664,2017-11-17,7708.990234375
1665,2017-11-18,7790.14990234375
1666,2017-11-19,8036.490234375
1667,2017-11-20,8200.6396484375
1668,2017-11-21,8071.259765625
1669,2017-11-22,8253.5498046875
1670,2017-11-23,8038.77001953125
1671,2017-11-24,8253.6904296875
1672,2017-11-25,8790.919921875
1673,2017-11-26,9330.5498046875
1674,2017-11-27,9818.349609375
1675,2017-11-28,10058.7998046875
1676,2017-11-29,9888.6103515625
1677,2017-11-30,10233.599609375
1678,2017-12-01,10975.599609375
1679,2017-12-02,11074.599609375
1680,2017-12-03,11323.2001953125
1681,2017-12-04,11657.2001953125
1682,2017-12-05,11916.7001953125
1683,2017-12-06,14291.5
1684,2017-12-07,17899.69921875
1685,2017-12-08,16569.400390625
1686,2017-12-09,15178.2001953125
1687,2017-12-10,15455.400390625
1688,2017-12-11,16936.80078125
1689,2017-12-12,17415.400390625
1690,2017-12-13,16408.19921875
1691,2017-12-14,16564.0
1692,2017-12-15,17706.900390625
1693,2017-12-16,19497.400390625
1694,2017-12-17,19140.80078125
1695,2017-12-18,19114.19921875
1696,2017-12-19,17776.69921875
1697,2017-12-20,16624.599609375
1698,2017-12-21,15802.900390625
1699,2017-12-22,13831.7998046875
1700,2017-12-23,14699.2001953125
1701,2017-12-24,13925.7998046875
1702,2017-12-25,14026.599609375
1703,2017-12-26,16099.7998046875
1704,2017-12-27,15838.5
1705,2017-12-28,14606.5
1706,2017-12-29,14656.2001953125
1707,2017-12-30,12952.2001953125
1708,2017-12-31,14156.400390625
1709,2018-01-01,13657.2001953125
1710,2018-01-02,14982.099609375
1711,2018-01-03,15201.0
1712,2018-01-04,15599.2001953125
1713,2018-01-05,17429.5
1714,2018-01-06,17527.0
1715,2018-01-07,16477.599609375
1716,2018-01-08,15170.099609375
1717,2018-01-09,14595.400390625
1718,2018-01-10,14973.2998046875
1719,2018-01-11,13405.7998046875
1720,2018-01-12,13980.599609375
1721,2018-01-13,14360.2001953125
1722,2018-01-14,13772.0
1723,2018-01-15,13819.7998046875
1724,2018-01-16,11490.5
1725,2018-01-17,11188.599609375
1726,2018-01-18,11474.900390625
1727,2018-01-19,11607.400390625
1728,2018-01-20,12899.2001953125
1729,2018-01-21,11600.099609375
1730,2018-01-22,10931.400390625
1731,2018-01-23,10868.400390625
1732,2018-01-24,11359.400390625
1733,2018-01-25,11259.400390625
1734,2018-01-26,11171.400390625
1735,2018-01-27,11440.7001953125
1736,2018-01-28,11786.2998046875
1737,2018-01-29,11296.400390625
1738,2018-01-30,10106.2998046875
1739,2018-01-31,10221.099609375
1740,2018-02-01,9170.5400390625
1741,2018-02-02,8830.75
1742,2018-02-03,9174.91015625
1743,2018-02-04,8277.009765625
1744,2018-02-05,6955.27001953125
1745,2018-02-06,7754.0
1746,2018-02-07,7621.2998046875
1747,2018-02-08,8265.58984375
1748,2018-02-09,8736.98046875
1749,2018-02-10,8621.900390625
1750,2018-02-11,8129.97021484375
1751,2018-02-12,8926.5703125
1752,2018-02-13,8598.3095703125
1753,2018-02-14,9494.6298828125
1754,2018-02-15,10166.400390625
1755,2018-02-16,10233.900390625
1756,2018-02-17,11112.7001953125
1757,2018-02-18,10551.7998046875
1758,2018-02-19,11225.2998046875
1759,2018-02-20,11403.7001953125
1760,2018-02-21,10690.400390625
1761,2018-02-22,10005.0
1762,2018-02-23,10301.099609375
1763,2018-02-24,9813.0703125
1764,2018-02-25,9664.73046875
1765,2018-02-26,10366.7001953125
1766,2018-02-27,10725.599609375
1767,2018-02-28,10397.900390625
1768,2018-03-01,10951.0
1769,2018-03-02,11086.400390625
1770,2018-03-03,11489.7001953125
1771,2018-03-04,11512.599609375
1772,2018-03-05,11573.2998046875
1773,2018-03-06,10779.900390625
1774,2018-03-07,9965.5703125
1775,2018-03-08,9395.009765625
1776,2018-03-09,9337.5498046875
1777,2018-03-10,8866.0
1778,2018-03-11,9578.6298828125
1779,2018-03-12,9205.1201171875
1780,2018-03-13,9194.849609375
1781,2018-03-14,8269.8095703125
1782,2018-03-15,8300.8603515625
1783,2018-03-16,8338.349609375
1784,2018-03-17,7916.8798828125
1785,2018-03-18,8223.6796875
1786,2018-03-19,8630.650390625
1787,2018-03-20,8913.4697265625
1788,2018-03-21,8929.2802734375
1789,2018-03-22,8728.4697265625
1790,2018-03-23,8879.6201171875
1791,2018-03-24,8668.1201171875
1792,2018-03-25,8495.7802734375
1793,2018-03-26,8209.400390625
1794,2018-03-27,7833.0400390625
1795,2018-03-28,7954.47998046875
1796,2018-03-29,7165.7001953125
1797,2018-03-30,6890.52001953125
1798,2018-03-31,6973.52978515625
1799,2018-04-01,6844.22998046875
1800,2018-04-02,7083.7998046875
1801,2018-04-03,7456.10986328125
1802,2018-04-04,6853.83984375
1803,2018-04-05,6811.47021484375
1804,2018-04-06,6636.31982421875
1805,2018-04-07,6911.08984375
1806,2018-04-08,7023.52001953125
1807,2018-04-09,6770.72998046875
1808,2018-04-10,6834.759765625
1809,2018-04-11,6968.31982421875
1810,2018-04-12,7889.25
1811,2018-04-13,7895.9599609375
1812,2018-04-14,7986.240234375
1813,2018-04-15,8329.1103515625
1814,2018-04-16,8058.669921875
1815,2018-04-17,7902.08984375
1816,2018-04-18,8163.419921875
1817,2018-04-19,8294.3095703125
1818,2018-04-20,8845.830078125
1819,2018-04-21,8895.580078125
1820,2018-04-22,8802.4599609375
1821,2018-04-23,8930.8798828125
1822,2018-04-24,9697.5
1823,2018-04-25,8845.740234375
1824,2018-04-26,9281.509765625
1825,2018-04-27,8987.0498046875
1826,2018-04-28,9348.48046875
1827,2018-04-29,9419.080078125
1828,2018-04-30,9240.5498046875
1829,2018-05-01,9119.009765625
1830,2018-05-02,9235.919921875
1831,2018-05-03,9743.8603515625
1832,2018-05-04,9700.759765625
1833,2018-05-05,9858.150390625
1834,2018-05-06,9654.7998046875
1835,2018-05-07,9373.009765625
1836,2018-05-08,9234.8203125
1837,2018-05-09,9325.1796875
1838,2018-05-10,9043.9404296875
1839,2018-05-11,8441.490234375
1840,2018-05-12,8504.8896484375
1841,2018-05-13,8723.9404296875
1842,2018-05-14,8716.7900390625
1843,2018-05-15,8510.3798828125
1844,2018-05-16,8368.830078125
1845,2018-05-17,8094.31982421875
1846,2018-05-18,8250.9697265625
1847,2018-05-19,8247.1796875
1848,2018-05-20,8513.25
1849,2018-05-21,8418.990234375
1850,2018-05-22,8041.77978515625
1851,2018-05-23,7557.81982421875
1852,2018-05-24,7587.33984375
1853,2018-05-25,7480.14013671875
1854,2018-05-26,7355.8798828125
1855,2018-05-27,7368.22021484375
1856,2018-05-28,7135.990234375
1857,2018-05-29,7472.58984375
1858,2018-05-30,7406.52001953125
1859,2018-05-31,7494.169921875
1860,2018-06-01,7541.4501953125
1861,2018-06-02,7643.4501953125
1862,2018-06-03,7720.25
1863,2018-06-04,7514.47021484375
1864,2018-06-05,7633.759765625
1865,2018-06-06,7653.97998046875
1866,2018-06-07,7678.240234375
1867,2018-06-08,7624.919921875
1868,2018-06-09,7531.97998046875
1869,2018-06-10,6786.02001953125
1870,2018-06-11,6906.919921875
1871,2018-06-12,6582.35986328125
1872,2018-06-13,6349.89990234375
1873,2018-06-14,6675.35009765625
1874,2018-06-15,6456.580078125
1875,2018-06-16,6550.16015625
1876,2018-06-17,6499.27001953125
1877,2018-06-18,6734.81982421875
1878,2018-06-19,6769.93994140625
1879,2018-06-20,6776.5498046875
1880,2018-06-21,6729.740234375
1881,2018-06-22,6083.68994140625
1882,2018-06-23,6162.47998046875
1883,2018-06-24,6173.22998046875
1884,2018-06-25,6249.18017578125
1885,2018-06-26,6093.669921875
1886,2018-06-27,6157.1298828125
1887,2018-06-28,5903.43994140625
1888,2018-06-29,6218.2998046875
1889,2018-06-30,6404.0
1890,2018-07-01,6385.81982421875
1891,2018-07-02,6614.18017578125
1892,2018-07-03,6529.58984375
1893,2018-07-04,6597.5498046875
1894,2018-07-05,6639.14013671875
1895,2018-07-06,6673.5
1896,2018-07-07,6856.93017578125
1897,2018-07-08,6773.8798828125
1898,2018-07-09,6741.75
1899,2018-07-10,6329.9501953125
1900,2018-07-11,6394.7099609375
1901,2018-07-12,6228.81005859375
1902,2018-07-13,6238.0498046875
1903,2018-07-14,6276.1201171875
1904,2018-07-15,6359.64013671875
1905,2018-07-16,6741.75
1906,2018-07-17,7321.0400390625
1907,2018-07-18,7370.77978515625
1908,2018-07-19,7466.85986328125
1909,2018-07-20,7354.1298828125
1910,2018-07-21,7419.2900390625
1911,2018-07-22,7418.490234375
1912,2018-07-23,7711.10986328125
1913,2018-07-24,8424.26953125
1914,2018-07-25,8181.39013671875
1915,2018-07-26,7951.580078125
1916,2018-07-27,8165.009765625
1917,2018-07-28,8192.150390625
1918,2018-07-29,8218.4599609375
1919,2018-07-30,8180.48
1920,2018-07-31,7780.44
1921,2018-08-01,7624.91
1922,2018-08-02,7567.15
1923,2018-08-03,7434.39
1924,2018-08-04,7032.85
1925,2018-08-05,7068.48
1926,2018-08-06,6951.8
1927,2018-08-07,6753.12
1928,2018-08-08,6305.8
1929,2018-08-09,6568.23
1930,2018-08-10,6184.71
1931,2018-08-11,6295.73
1932,2018-08-12,6322.69
1933,2018-08-13,6297.57
1934,2018-08-14,6199.71
1935,2018-08-15,6308.52
1936,2018-08-16,6334.73
1937,2018-08-17,6580.63
1938,2018-08-18,6423.76
1939,2018-08-19,6506.07
1940,2018-08-20,6308.53
1941,2018-08-21,6488.76
1942,2018-08-22,6376.71
1943,2018-08-23,6534.88
1944,2018-08-24,6719.96
1945,2018-08-25,6763.19
1946,2018-08-26,6707.26
1947,2018-08-27,6884.64
1948,2018-08-28,7096.28
1949,2018-08-29,7047.16
1950,2018-08-30,6978.23
1951,2018-08-31,7037.58
1952,2018-09-01,7193.25
1953,2018-09-02,7272.72
1954,2018-09-03,7260.06
1955,2018-09-04,7361.66
1956,2018-09-05,6792.83
1957,2018-09-06,6529.17
1958,2018-09-07,6467.07
1959,2018-09-08,6225.98
1960,2018-09-09,6300.86
1961,2018-09-10,6329.7
1962,2018-09-11,6321.2
1963,2018-09-12,6351.8
1964,2018-09-13,6517.31
1965,2018-09-14,6512.71
1966,2018-09-15,6543.2
1967,2018-09-16,6517.18
1968,2018-09-17,6281.2
1969,2018-09-18,6371.3
1970,2018-09-19,6398.54
1971,2018-09-20,6519.67
1972,2018-09-21,6734.95
1973,2018-09-22,6721.98
1974,2018-09-23,6710.63
1975,2018-09-24,6595.41
1976,2018-09-25,6446.47
1977,2018-09-26,6495.0
1978,2018-09-27,6676.75
1979,2018-09-28,6644.13
1980,2018-09-29,6601.96
1981,2018-09-30,6625.56
1982,2018-10-01,6589.62
1983,2018-10-02,6556.1
1984,2018-10-03,6502.59
1985,2018-10-04,6576.69
1986,2018-10-05,6622.48
1987,2018-10-06,6588.31
1988,2018-10-07,6602.95
1989,2018-10-08,6652.23
1990,2018-10-09,6642.64
1991,2018-10-10,6585.53
1992,2018-10-11,6256.24
1993,2018-10-12,6274.58
1994,2018-10-13,6285.99
1995,2018-10-14,6290.93
1996,2018-10-15,6596.54
1997,2018-10-16,6596.11
1998,2018-10-17,6544.43
1999,2018-10-18,6476.71
2000,2018-10-19,6465.41
2001,2018-10-20,6489.19
2002,2018-10-21,6482.35
2003,2018-10-22,6487.16
2004,2018-10-23,6475.74
2005,2018-10-24,6495.84
2006,2018-10-25,6476.29
2007,2018-10-26,6474.75
2008,2018-10-27,6480.38
2009,2018-10-28,6486.39
2010,2018-10-29,6332.63
2011,2018-10-30,6334.27
2012,2018-10-31,6317.61
2013,2018-11-01,6377.78
2014,2018-11-02,6388.44
2015,2018-11-03,6361.26
2016,2018-11-04,6376.13
2017,2018-11-05,6419.66
2018,2018-11-06,6461.01
2019,2018-11-07,6530.14
2020,2018-11-08,6453.72
2021,2018-11-09,6385.62
2022,2018-11-10,6409.22
2023,2018-11-11,6411.27
2024,2018-11-12,6371.27
2025,2018-11-13,6359.49
2026,2018-11-14,5738.35
2027,2018-11-15,5648.03
2028,2018-11-16,5575.55
2029,2018-11-17,5554.33
2030,2018-11-18,5623.54
2031,2018-11-19,4871.49
2032,2018-11-20,4451.87
2033,2018-11-21,4602.17
2034,2018-11-22,4365.94
2035,2018-11-23,4347.11
2036,2018-11-24,3880.76
2037,2018-11-25,4009.97
2038,2018-11-26,3779.13
2039,2018-11-27,3820.72
2040,2018-11-28,4257.42
2041,2018-11-29,4278.84645524
2042,2018-11-30,4017.26845712
2043,2018-12-01,4214.67193177
2044,2018-12-02,4139.8780641
2045,2018-12-03,3894.1309069
2046,2018-12-04,3956.89386975
2047,2018-12-05,3753.99482663
2048,2018-12-06,3521.10172384
2049,2018-12-07,3419.93720035
2050,2018-12-08,3476.11471452
2051,2018-12-09,3614.23427278
2052,2018-12-10,3502.65599577
2053,2018-12-11,3424.58807495
2054,2018-12-12,3486.95014412
2055,2018-12-13,3313.67725772
2056,2018-12-14,3242.48476281
2057,2018-12-15,3236.76164502
2058,2018-12-16,3252.83902595
2059,2018-12-17,3545.86476058
2060,2018-12-18,3696.05912776
2061,2018-12-19,3745.95076478
2062,2018-12-20,4134.44120304
2063,2018-12-21,3896.54371704
2064,2018-12-22,4014.18251388
2065,2018-12-23,3998.98034184
2066,2018-12-24,4078.59919478
2067,2018-12-25,3815.49060966
2068,2018-12-26,3857.29751969
2069,2018-12-27,3654.83353854
2070,2018-12-28,3923.91859424
2071,2018-12-29,3820.40868219
2072,2018-12-30,3865.95257679
2073,2018-12-31,3742.70033544
2074,2019-01-01,3843.51996727
2075,2019-01-02,3943.40933686
2076,2019-01-03,3836.74131867
2077,2019-01-04,3857.71761887
2078,2019-01-05,3845.19446017
2079,2019-01-06,4076.63268458
2080,2019-01-07,4025.24828708
2081,2019-01-08,4030.84799935
2082,2019-01-09,4035.29636921
2083,2019-01-10,3678.92468128
2084,2019-01-11,3687.3654818
2085,2019-01-12,3661.30098975
2086,2019-01-13,3552.95306759
2087,2019-01-14,3706.05222041
2088,2019-01-15,3630.67522467
2089,2019-01-16,3655.00688578
2090,2019-01-17,3678.56397636
2091,2019-01-18,3657.83943502
2092,2019-01-19,3728.56836493
2093,2019-01-20,3601.0135915
2094,2019-01-21,3576.03243928
2095,2019-01-22,3604.57705248
2096,2019-01-23,3585.12306636
2097,2019-01-24,3600.86550122
2098,2019-01-25,3599.7658879
2099,2019-01-26,3602.46043861
2100,2019-01-27,3583.96576317
2101,2019-01-28,3470.45054223
2102,2019-01-29,3448.11702209
2103,2019-01-30,3486.18175093
2104,2019-01-31,3457.79274724
2105,2019-02-01,3487.94538683
2106,2019-02-02,3521.06078726
2107,2019-02-03,3464.01332586
2108,2019-02-04,3459.15414635
2109,2019-02-05,3466.35743916
2110,2019-02-06,3413.7677183
2111,2019-02-07,3399.47164359
2112,2019-02-08,3666.78035061
2113,2019-02-09,3671.20370545
2114,2019-02-10,3690.18824383
2115,2019-02-11,3648.43062774
2116,2019-02-12,3653.52864497
2117,2019-02-13,3632.07060268
2118,2019-02-14,3616.88097021
2119,2019-02-15,3620.81075285
2120,2019-02-16,3629.78749138
2121,2019-02-17,3673.83629289
2122,2019-02-18,3915.71447331
2123,2019-02-19,3947.09440657
2124,2019-02-20,3999.82050882
2125,2019-02-21,3954.1182433
2126,2019-02-22,4005.52660406
2127,2019-02-23,4142.52692999
2128,2019-02-24,3810.42743065
2129,2019-02-25,3882.69629339
2130,2019-02-26,3854.35793575
2131,2019-02-27,3851.04747978
2132,2019-02-28,3854.78528208
2133,2019-03-01,3859.58375221
2134,2019-03-02,3864.41510673
2135,2019-03-03,3847.17569934
2136,2019-03-04,3761.55701842
2137,2019-03-05,3896.37502308
2138,2019-03-06,3903.9425832
2139,2019-03-07,3911.4842891
2140,2019-03-08,3901.13162355
2141,2019-03-09,3963.31374243
2142,2019-03-10,3951.59982769
2143,2019-03-11,3905.22731979
2144,2019-03-12,3909.15620907
2145,2019-03-13,3906.71716859
2146,2019-03-14,3924.369118
2147,2019-03-15,3960.91118728
2148,2019-03-16,4048.72590374
2149,2019-03-17,4025.22897966
2150,2019-03-18,4032.50738522
2151,2019-03-19,4071.19020004
2152,2019-03-20,4087.47629856
2153,2019-03-21,4029.32690706
2154,2019-03-22,4023.96816173
2155,2019-03-23,4035.82635079
2156,2019-03-24,4022.1682822
2157,2019-03-25,3963.07065416
2158,2019-03-26,3985.08080287
2159,2019-03-27,4087.06622992
2160,2019-03-28,4069.10714977
2161,2019-03-29,4098.37454059
2162,2019-03-30,4106.66008466
2163,2019-03-31,4105.40429618
2164,2019-04-01,4158.18307045
2165,2019-04-02,4879.87782845
2166,2019-04-03,4973.02181522
2167,2019-04-04,4922.79878778
2168,2019-04-05,5036.68110011
2169,2019-04-06,5059.81718799
2170,2019-04-07,5198.89699014
2171,2019-04-08,5289.77104039
2172,2019-04-09,5204.95837847
2173,2019-04-10,5324.5518687
2174,2019-04-11,5064.48767243
2175,2019-04-12,5089.53891201
2176,2019-04-13,5096.58656276
2177,2019-04-14,5167.72236684
2178,2019-04-15,5067.10847228
2179,2019-04-16,5235.55941893
2180,2019-04-17,5251.93818854
2181,2019-04-18,5298.38569881
2182,2019-04-19,5303.81261613
2183,2019-04-20,5337.8861323
2184,2019-04-21,5314.5314532
2185,2019-04-22,5399.36541009
2186,2019-04-23,5572.36206051
2187,2019-04-24,5464.86664182
2188,2019-04-25,5210.51555862
2189,2019-04-26,5279.34821147
2190,2019-04-27,5268.29106346
2191,2019-04-28,5285.13900822
2192,2019-04-29,5247.35253746
2193,2019-04-30,5350.72669668
2194,2019-05-01,5402.69709069
2195,2019-05-02,5505.28367176
2196,2019-05-03,5768.28940693
2197,2019-05-04,5831.16747167
2198,2019-05-05,5795.70842926
2199,2019-05-06,5746.80700343
2200,2019-05-07,5829.50151628
2201,2019-05-08,5982.45732286
2202,2019-05-09,6174.52868876
2203,2019-05-10,6378.8489737
2204,2019-05-11,7204.77169716
2205,2019-05-12,6972.37152291
2206,2019-05-13,7814.91513992
2207,2019-05-14,7994.41615632
2208,2019-05-15,8205.16749484
2209,2019-05-16,7884.90929094
2210,2019-05-17,7343.89571659
2211,2019-05-18,7271.20790408
2212,2019-05-19,8197.68969114
2213,2019-05-20,7978.30907244
2214,2019-05-21,7963.32777911
2215,2019-05-22,7680.06654589
2216,2019-05-23,7881.84672105
2217,2019-05-24,7987.37156583
2218,2019-05-25,8052.54385907
2219,2019-05-26,8673.21603511
2220,2019-05-27,8805.7783766
2221,2019-05-28,8719.9617362
2222,2019-05-29,8659.48775584
2223,2019-05-30,8319.47222898
2224,2019-05-31,8574.50164907
2225,2019-06-01,8564.01647182
2226,2019-06-02,8742.95810038
2227,2019-06-03,8208.99482964
2228,2019-06-04,7707.77077085
2229,2019-06-05,7824.23153913
2230,2019-06-06,7822.02338228
2231,2019-06-07,8043.95135807
2232,2019-06-08,7954.12772355
2233,2019-06-09,7688.07711075
2234,2019-06-10,8000.32982299
2235,2019-06-11,7927.71435114
2236,2019-06-12,8145.85747373
2237,2019-06-13,8230.92383068
2238,2019-06-14,8693.83281543
2239,2019-06-15,8838.37523367
2240,2019-06-16,8994.48801293
2241,2019-06-17,9320.35218253
2242,2019-06-18,9081.76285149
2243,2019-06-19,9273.52176614
2244,2019-06-20,9527.16035008
2245,2019-06-21,10144.5567168
2246,2019-06-22,10701.691013
2247,2019-06-23,10855.3710156
2248,2019-06-24,11011.1024485
2249,2019-06-25,11790.916533
2250,2019-06-26,13016.2317442
2251,2019-06-27,11182.8062855
2252,2019-06-28,12407.331998
2253,2019-06-29,11959.3709764
2254,2019-06-30,10817.1555981
2255,2019-07-01,10583.1345195
2256,2019-07-02,10801.6779238
2257,2019-07-03,11961.2693412
2258,2019-07-04,11215.4375483
2259,2019-07-05,10978.4599518
2260,2019-07-06,11208.5508454
2261,2019-07-07,11450.8467553
2262,2019-07-08,12285.958217
2263,2019-07-09,12573.8129407
2264,2019-07-10,12156.5126313
2265,2019-07-11,11358.661752
2266,2019-07-12,11815.9866867
2267,2019-07-13,11392.3793357
2268,2019-07-14,10256.0582756
2269,2019-07-15,10895.0893874
2270,2019-07-16,9477.64204235
2271,2019-07-17,9693.80272448
2272,2019-07-18,10666.4828491
2273,2019-07-19,10530.7326264
2274,2019-07-20,10767.1395226
2275,2019-07-21,10599.1053965
2276,2019-07-22,10343.1061684
2277,2019-07-23,9900.76801058
2278,2019-07-24,9811.92618837
2279,2019-07-25,9911.84226491
2280,2019-07-26,9870.30353766
2281,2019-07-27,9477.67767811
2282,2019-07-28,9552.86043541
2283,2019-07-29,9519.14591371
2284,2019-07-30,9607.42368665
2285,2019-07-31,10085.6277491
2286,2019-08-01,10399.6694229
2287,2019-08-02,10518.1746772
2288,2019-08-03,10821.7265103
2289,2019-08-04,10970.1842157
2290,2019-08-05,11805.6537253
2291,2019-08-06,11478.1693461
2292,2019-08-07,11941.9683406
2293,2019-08-08,11966.407405
2294,2019-08-09,11862.93676
2295,2019-08-10,11354.0242177
2296,2019-08-11,11523.5793784
2297,2019-08-12,11382.6159562
2298,2019-08-13,10895.8304358
2299,2019-08-14,10051.7039313
2300,2019-08-15,10311.545429
2301,2019-08-16,10374.3393471
2302,2019-08-17,10231.7438454
2303,2019-08-18,10345.8103795
2304,2019-08-19,10916.0538702
2305,2019-08-20,10763.2326304
2306,2019-08-21,10138.049355
2307,2019-08-22,10131.0561021
2308,2019-08-23,10407.965329
2309,2019-08-24,10159.9605385
2310,2019-08-25,10138.517665
2311,2019-08-26,10370.8201605
2312,2019-08-27,10185.4998997
2313,2019-08-28,9754.42327325
2314,2019-08-29,9510.20054413
2315,2019-08-30,9598.17364826
2316,2019-08-31,9630.66384768
2317,2019-09-01,9757.97031807
2318,2019-09-02,10346.7607927
2319,2019-09-03,10623.5401172
2320,2019-09-04,10594.4933536
2321,2019-09-05,10575.533284
2322,2019-09-06,10353.3025592
2323,2019-09-07,10517.254784
2324,2019-09-08,10441.275979
2325,2019-09-09,10334.9741628
2326,2019-09-10,10115.9757913
2327,2019-09-11,10178.3718893
2328,2019-09-12,10410.1268031
2329,2019-09-13,10360.5472773
2330,2019-09-14,10358.0491621
2331,2019-09-15,10347.7129074
2332,2019-09-16,10276.7935649
2333,2019-09-17,10241.2721545
2334,2019-09-18,10198.2484072
2335,2019-09-19,10266.4149694
2336,2019-09-20,10181.6413094
2337,2019-09-21,10019.7169101
2338,2019-09-22,10070.3921064
2339,2019-09-23,9729.32376435
2340,2019-09-24,8620.56642733
2341,2019-09-25,8486.99297206
2342,2019-09-26,8118.96756783
2343,2019-09-27,8251.84555744
2344,2019-09-28,8245.91515478
2345,2019-09-29,8104.18567564
2346,2019-09-30,8293.86774062
2347,2019-10-01,8343.2766814
2348,2019-10-02,8393.04164486
2349,2019-10-03,8259.99197863
2350,2019-10-04,8205.93924121
2351,2019-10-05,8151.50052921
2352,2019-10-06,7988.15595888
2353,2019-10-07,8245.622933
2354,2019-10-08,8228.7831528
2355,2019-10-09,8595.73981722
2356,2019-10-10,8586.47342543
2357,2019-10-11,8321.75671178
2358,2019-10-12,8336.55527417
2359,2019-10-13,8321.00574668
2360,2019-10-14,8374.6864467
2361,2019-10-15,8205.36931588
2362,2019-10-16,8047.52686305
2363,2019-10-17,8103.91137325
2364,2019-10-18,7973.20744597
2365,2019-10-19,7988.56044241
2366,2019-10-20,8222.07826034
2367,2019-10-21,8243.72113905
2368,2019-10-22,8078.20332194
2369,2019-10-23,7514.67201276
2370,2019-10-24,7493.48873154
2371,2019-10-25,8660.70063696
2372,2019-10-26,9244.97220867
2373,2019-10-27,9551.7149631
2374,2019-10-28,9256.14838876
2375,2019-10-29,9427.68758384
2376,2019-10-30,9205.72655905
2377,2019-10-31,9199.58483269
2378,2019-11-01,9261.104352
2379,2019-11-02,9324.71776331
2380,2019-11-03,9235.35487947
2381,2019-11-04,9412.61187106
2382,2019-11-05,9342.52717939
2383,2019-11-06,9360.87991187
2384,2019-11-07,9267.56114253
2385,2019-11-08,8804.88071936
2386,2019-11-09,8813.58248677
2387,2019-11-10,9055.52605732
2388,2019-11-11,8757.78854226
2389,2019-11-12,8815.66253925
2390,2019-11-13,8808.2625823
2391,2019-11-14,8708.09509517
2392,2019-11-15,8491.99201234
2393,2019-11-16,8550.76055694
2394,2019-11-17,8577.9757816
2395,2019-11-18,8309.28598342
2396,2019-11-19,8206.14591807
2397,2019-11-20,8027.26824331
2398,2019-11-21,7642.74994484
2399,2019-11-22,7296.57756843
2400,2019-11-23,7397.7968154
2401,2019-11-24,7047.91688176
2402,2019-11-25,7146.13390214
2403,2019-11-26,7218.37133433
2404,2019-11-27,7531.6636446
2405,2019-11-28,7463.1061283
2406,2019-11-29,7761.24360172
2407,2019-11-30,7569.63012202
2408,2019-12-01,7424.29226516
2409,2019-12-02,7321.98811242
2410,2019-12-03,7320.1454684
2411,2019-12-04,7252.03458617
2412,2019-12-05,7448.30752084
2413,2019-12-06,7546.99669772
2414,2019-12-07,7556.23803387
2415,2019-12-08,7564.3454032
2416,2019-12-09,7400.89935576
2417,2019-12-10,7278.1197833
2418,2019-12-11,7217.4271152
2419,2019-12-12,7243.13436273
2420,2019-12-13,7269.68455922
2421,2019-12-14,7124.67396997
2422,2019-12-15,7152.30184412
2423,2019-12-16,6932.48038982
2424,2019-12-17,6640.51524608
2425,2019-12-18,7276.80277047
2426,2019-12-19,7202.84436364
2427,2019-12-20,7218.81638679
2428,2019-12-21,7191.15846913
2429,2019-12-22,7511.58904232
2430,2019-12-23,7355.62826671
2431,2019-12-24,7322.5324589
2432,2019-12-25,7275.15572845
2433,2019-12-26,7238.96702501
2434,2019-12-27,7290.08851803
2435,2019-12-28,7317.99003408
2436,2019-12-29,7422.65258898
2437,2019-12-30,7292.99507783
2438,2019-12-31,7193.59897843
2439,2020-01-01,7200.17439274
2440,2020-01-02,6985.47000061
2441,2020-01-03,7344.88418341
2442,2020-01-04,7410.65656642
2443,2020-01-05,7411.31732676
2444,2020-01-06,7769.21903905
2445,2020-01-07,8163.69223944
2446,2020-01-08,8079.86277673
2447,2020-01-09,7879.07152428
2448,2020-01-10,8166.55414039
2449,2020-01-11,8037.53738872
2450,2020-01-12,8192.49400532
2451,2020-01-13,8144.19451744
2452,2020-01-14,8827.76442606
2453,2020-01-15,8807.01027532
2454,2020-01-16,8723.78576573
2455,2020-01-17,8929.0376776
2456,2020-01-18,8942.80890321
2457,2020-01-19,8706.24512993
2458,2020-01-20,8657.64293942
2459,2020-01-21,8745.89478833
2460,2020-01-22,8680.87604222
2461,2020-01-23,8406.5160678
2462,2020-01-24,8445.43428152
2463,2020-01-25,8367.84777344
2464,2020-01-26,8596.82983316
2465,2020-01-27,8909.81917753
2466,2020-01-28,9358.59031703
2467,2020-01-29,9316.62950445
2468,2020-01-30,9508.9935947
2469,2020-01-31,9350.52936518
2470,2020-02-01,9392.87536841
2471,2020-02-02,9344.36529292
2472,2020-02-03,9293.52108908
2473,2020-02-04,9180.9629665
2474,2020-02-05,9613.42428895
2475,2020-02-06,9729.80223149
2476,2020-02-07,9795.94377253
2477,2020-02-08,9865.11946905
2478,2020-02-09,10116.673759
2479,2020-02-10,9856.61149362
2480,2020-02-11,10208.2362609
2481,2020-02-12,10326.0545246
2482,2020-02-13,10214.3794638
2483,2020-02-14,10312.1160909
2484,2020-02-15,9889.42462838
2485,2020-02-16,9934.43339025
2486,2020-02-17,9690.14261814
2487,2020-02-18,10141.9963705
2488,2020-02-19,9633.38688518
2489,2020-02-20,9608.47590343
2490,2020-02-21,9686.44119763
2491,2020-02-22,9663.18182933
2492,2020-02-23,9924.51522822
2493,2020-02-24,9650.17480677
2494,2020-02-25,9341.70516876
2495,2020-02-26,8820.52220005
2496,2020-02-27,8784.49384867
2497,2020-02-28,8672.45534996
2498,2020-02-29,8599.50861972
2499,2020-03-01,8562.45405008
2500,2020-03-02,8869.67031078
2501,2020-03-03,8787.78645576
2502,2020-03-04,8755.24589461
2503,2020-03-05,9078.76279174
2504,2020-03-06,9122.54557333
2505,2020-03-07,8909.9536515
2506,2020-03-08,8108.11629101
2507,2020-03-09,7923.6447033
2508,2020-03-10,7909.72939346
2509,2020-03-11,7911.43012933
2510,2020-03-12,4970.78790105
2511,2020-03-13,5563.70689169
2512,2020-03-14,5200.36626392
2513,2020-03-15,5392.31488002
2514,2020-03-16,5014.47997748
2515,2020-03-17,5225.62919259
2516,2020-03-18,5238.43857664
2517,2020-03-19,6191.19295222
2518,2020-03-20,6198.77820508
2519,2020-03-21,6185.06651501
2520,2020-03-22,5830.25479765
2521,2020-03-23,6416.31475839
2522,2020-03-24,6734.80378045
2523,2020-03-25,6681.06312656
2524,2020-03-26,6716.44054866
2525,2020-03-27,6469.79813509
2526,2020-03-28,6242.1938684
2527,2020-03-29,5922.0431227
2528,2020-03-30,6429.84193389
2529,2020-03-31,6438.64476637
2530,2020-04-01,6606.77626829
2531,2020-04-02,6793.62459642
2532,2020-04-03,6733.3873906
2533,2020-04-04,6867.52731596
2534,2020-04-05,6791.12944093
2535,2020-04-06,7271.7811527
2536,2020-04-07,7176.41450049
2537,2020-04-08,7334.09845346
2538,2020-04-09,7302.0895105
2539,2020-04-10,6865.49337195
2540,2020-04-11,6859.08296343
2541,2020-04-12,6971.09159108
2542,2020-04-13,6845.03769683
2543,2020-04-14,6842.42786097
2544,2020-04-15,6642.10989286
2545,2020-04-16,7116.80421777
2546,2020-04-17,7096.18465879
2547,2020-04-18,7257.66485847
2548,2020-04-19,7189.42482356
2549,2020-04-20,6881.95869275
2550,2020-04-21,6880.32347375
2551,2020-04-22,7117.20747869
2552,2020-04-23,7429.72464927
2553,2020-04-24,7550.90102725
2554,2020-04-25,7569.93603405
2555,2020-04-26,7679.86720422
2556,2020-04-27,7795.60083451
2557,2020-04-28,7807.05845106
2558,2020-04-29,8801.03776688
2559,2020-04-30,8658.55417975
2560,2020-05-01,8864.76680793
2561,2020-05-02,8988.5962069
2562,2020-05-03,8897.46850985
2563,2020-05-04,8912.65460539
2564,2020-05-05,9003.07017834
2565,2020-05-06,9268.76208066
2566,2020-05-07,9951.5187451
2567,2020-05-08,9842.66636785
2568,2020-05-09,9593.89673363
2569,2020-05-10,8756.43114193
2570,2020-05-11,8601.79620238
2571,2020-05-12,8804.47781074
2572,2020-05-13,9269.98770576
2573,2020-05-14,9733.72147137
2574,2020-05-15,9328.19722645
2575,2020-05-16,9377.0140257
2576,2020-05-17,9670.73937122
2577,2020-05-18,9726.5748149
2578,2020-05-19,9729.0379192
2579,2020-05-20,9522.98115678
2580,2020-05-21,9081.76202252
2581,2020-05-22,9182.57751787
2582,2020-05-23,9209.28742769
2583,2020-05-24,8790.36800074
2584,2020-05-25,8906.93476142
2585,2020-05-26,8835.05306073
2586,2020-05-27,9181.01794762
2587,2020-05-28,9525.7510947
2588,2020-05-29,9439.12439045
2589,2020-05-30,9700.41407169
2590,2020-05-31,9461.05891806
2591,2020-06-01,10167.2681012
2592,2020-06-02,9529.80414872
2593,2020-06-03,9656.71776526
2594,2020-06-04,9800.63659532
2595,2020-06-05,9665.53278908
2596,2020-06-06,9653.67926335
2597,2020-06-07,9758.8524174
2598,2020-06-08,9771.48948366
2599,2020-06-09,9795.70019463
2600,2020-06-10,9870.09445278
2601,2020-06-11,9321.78129819
2602,2020-06-12,9480.84378943
2603,2020-06-13,9475.27733834
2604,2020-06-14,9386.78789214
2605,2020-06-15,9450.70198692
2606,2020-06-16,9538.0243743
2607,2020-06-17,9480.25536624
2608,2020-06-18,9411.84046197
2609,2020-06-19,9288.01871603
2610,2020-06-20,9332.340762
2611,2020-06-21,9303.62971409
2612,2020-06-22,9648.71760979
2613,2020-06-23,9629.65836578
2614,2020-06-24,9313.61034868
2615,2020-06-25,9264.81304308
2616,2020-06-26,9162.91760386
2617,2020-06-27,9045.39095672
2618,2020-06-28,9143.58219104
2619,2020-06-29,9190.85446467
2620,2020-06-30,9137.99340026
2621,2020-07-01,9228.32559024
2622,2020-07-02,9123.41015432
2623,2020-07-03,9087.30391103
2624,2020-07-04,9132.48795051
2625,2020-07-05,9073.94286936
2626,2020-07-06,9375.47475925
2627,2020-07-07,9252.27750386
2628,2020-07-08,9428.3330848
2629,2020-07-09,9277.96790642
2630,2020-07-10,9278.8078672
2631,2020-07-11,9240.34632654
2632,2020-07-12,9276.49985018
2633,2020-07-13,9243.61385509
2634,2020-07-14,9243.21341642
2635,2020-07-15,9192.83736784
2636,2020-07-16,9132.22786293
2637,2020-07-17,9151.39223963
2638,2020-07-18,9159.03990531
2639,2020-07-19,9185.81691242
2640,2020-07-20,9164.2313647
2641,2020-07-21,9374.88752808
2642,2020-07-22,9525.36344997
2643,2020-07-23,9581.07201141
2644,2020-07-24,9536.89268563
2645,2020-07-25,9677.11349729
2646,2020-07-26,9905.16724705
2647,2020-07-27,10990.8733998
2648,2020-07-28,10912.8230505
2649,2020-07-29,11100.4681253
2650,2020-07-30,7000.0
2651,2020-07-31,11323.4664207
2652,2020-08-01,11759.5927707
2653,2020-08-02,11053.613901
2654,2020-08-03,11246.3487749
2655,2020-08-04,11205.8929179
2656,2020-08-05,11747.0228312
2657,2020-08-06,11779.7732574
2658,2020-08-07,11601.4727146
2659,2020-08-08,11754.0458135
2660,2020-08-09,11675.7393433
2661,2020-08-10,11878.1113253
2662,2020-08-11,11410.5256775
2663,2020-08-12,11584.9345762
2664,2020-08-13,11784.1373895
2665,2020-08-14,11768.8706193
2666,2020-08-19,11758.2835921
2667,2020-08-20,11878.3716211
2668,2020-08-21,11592.4890449
2669,2020-08-22,11681.8255623
2670,2020-08-23,11664.8479948
2671,2020-08-24,11774.5958414
2672,2020-08-25,11366.1350817
2673,2020-08-26,11488.3634896
2674,2020-08-27,11323.3970324
2675,2020-08-28,11542.4997333
2676,2020-08-29,11506.8653177
2677,2020-08-30,11711.506161
2678,2020-08-31,11680.8204905
