,Date,Price_ETH/USD
0,2015-08-07,2.7721199989318848
1,2015-08-08,0.7533249855041504
2,2015-08-09,0.7018970251083374
3,2015-08-10,0.7084479928016663
4,2015-08-11,1.0678600072860718
5,2015-08-12,1.2174400091171265
6,2015-08-13,1.8276699781417847
7,2015-08-14,1.8278700113296509
8,2015-08-15,1.6888999938964844
9,2015-08-16,1.5660300254821777
10,2015-08-17,1.2036099433898926
11,2015-08-18,1.087049961090088
12,2015-08-19,1.2588599920272827
13,2015-08-20,1.4649200439453125
14,2015-08-21,1.3952900171279907
15,2015-08-22,1.37923002243042
16,2015-08-23,1.3525899648666382
17,2015-08-24,1.2312699556350708
18,2015-08-25,1.1401900053024292
19,2015-08-26,1.159980058670044
20,2015-08-27,1.1476999521255493
21,2015-08-28,1.1913800239562988
22,2015-08-29,1.1825499534606934
23,2015-08-30,1.3192700147628784
24,2015-08-31,1.358240008354187
25,2015-09-01,1.3516099452972412
26,2015-09-02,1.2947900295257568
27,2015-09-03,1.264930009841919
28,2015-09-04,1.2744100093841553
29,2015-09-05,1.3388099670410156
30,2015-09-06,1.2958300113677979
31,2015-09-07,1.246649980545044
32,2015-09-08,1.2424299716949463
33,2015-09-09,1.2065099477767944
34,2015-09-10,1.1657700538635254
35,2015-09-11,0.9829779863357544
36,2015-09-12,1.0387400388717651
37,2015-09-13,0.9360030293464661
38,2015-09-14,0.8756219744682312
39,2015-09-15,0.9444100260734558
40,2015-09-16,0.9071750044822693
41,2015-09-17,0.8742309808731079
42,2015-09-18,0.8536850214004517
43,2015-09-19,0.8823909759521484
44,2015-09-20,0.938444972038269
45,2015-09-21,0.9190469980239868
46,2015-09-22,0.9017959833145142
47,2015-09-23,0.8934059739112854
48,2015-09-24,0.8136100172996521
49,2015-09-25,0.7362229824066162
50,2015-09-26,0.7859640121459961
51,2015-09-27,0.7208390235900879
52,2015-09-28,0.5828859806060791
53,2015-09-29,0.6611459851264954
54,2015-09-30,0.738644003868103
55,2015-10-01,0.690214991569519
56,2015-10-02,0.6785740256309509
57,2015-10-03,0.6871709823608398
58,2015-10-04,0.668379008769989
59,2015-10-05,0.6286429762840271
60,2015-10-06,0.6506450176239014
61,2015-10-07,0.609387993812561
62,2015-10-08,0.6217160224914551
63,2015-10-09,0.6506279706954956
64,2015-10-10,0.6278570294380188
65,2015-10-11,0.6349629759788513
66,2015-10-12,0.6260300278663635
67,2015-10-13,0.6076549887657166
68,2015-10-14,0.5229679942131042
69,2015-10-15,0.5618780255317688
70,2015-10-16,0.5364949703216553
71,2015-10-17,0.5471779704093933
72,2015-10-18,0.5177339911460876
73,2015-10-19,0.48901399970054626
74,2015-10-20,0.4348289966583252
75,2015-10-21,0.44732901453971863
76,2015-10-22,0.5677019953727722
77,2015-10-23,0.5396569967269897
78,2015-10-24,0.5635899901390076
79,2015-10-25,0.616038978099823
80,2015-10-26,0.7313169836997986
81,2015-10-27,0.8696410059928894
82,2015-10-28,1.0024800300598145
83,2015-10-29,1.2066600322723389
84,2015-10-30,1.04121994972229
85,2015-10-31,0.9166269898414612
86,2015-11-01,1.0556700229644775
87,2015-11-02,0.9897890090942383
88,2015-11-03,1.0133600234985352
89,2015-11-04,0.8990499973297119
90,2015-11-05,0.8956369757652283
91,2015-11-06,0.9260320067405701
92,2015-11-07,0.9279739856719971
93,2015-11-08,1.0274699926376343
94,2015-11-09,0.9992780089378357
95,2015-11-10,0.9343479871749878
96,2015-11-11,0.791828989982605
97,2015-11-12,0.8957110047340393
98,2015-11-13,0.9040960073471069
99,2015-11-14,0.8888120055198669
100,2015-11-15,0.9063680171966553
101,2015-11-16,0.928961992263794
102,2015-11-17,1.0079799890518188
103,2015-11-18,0.9933189749717712
104,2015-11-19,0.9555320143699646
105,2015-11-20,0.9249200224876404
106,2015-11-21,0.976140022277832
107,2015-11-22,0.9680179953575134
108,2015-11-23,0.9469689726829529
109,2015-11-24,0.9001910090446472
110,2015-11-25,0.8635370135307312
111,2015-11-26,0.8841829895973206
112,2015-11-27,0.867950975894928
113,2015-11-28,0.9157029986381531
114,2015-11-29,0.8786140084266663
115,2015-11-30,0.8731189966201782
116,2015-12-01,0.8748000264167786
117,2015-12-02,0.8212100267410278
118,2015-12-03,0.8121430277824402
119,2015-12-04,0.8400409817695618
120,2015-12-05,0.8624380230903625
121,2015-12-06,0.8355000019073486
122,2015-12-07,0.8112639784812927
123,2015-12-08,0.8221179842948914
124,2015-12-09,0.7921670079231262
125,2015-12-10,0.840395987033844
126,2015-12-11,0.9297620058059692
127,2015-12-12,0.9769729971885681
128,2015-12-13,0.9528840184211731
129,2015-12-14,0.9930220246315002
130,2015-12-15,1.0141500234603882
131,2015-12-16,0.9911820292472839
132,2015-12-17,0.9407010078430176
133,2015-12-18,0.9201269745826721
134,2015-12-19,0.9080719947814941
135,2015-12-20,0.903885006904602
136,2015-12-21,0.9007710218429565
137,2015-12-22,0.8642020225524902
138,2015-12-23,0.8580769896507263
139,2015-12-24,0.8632619976997375
140,2015-12-25,0.8703629970550537
141,2015-12-26,0.8546029925346375
142,2015-12-27,0.8563650250434875
143,2015-12-28,0.8450049757957458
144,2015-12-29,0.873054027557373
145,2015-12-30,0.9119579792022705
146,2015-12-31,0.933542013168335
147,2016-01-01,0.9480239748954773
148,2016-01-02,0.9371240139007568
149,2016-01-03,0.971904993057251
150,2016-01-04,0.954479992389679
151,2016-01-05,0.9501760005950928
152,2016-01-06,0.9508600234985352
153,2016-01-07,0.9420049786567688
154,2016-01-08,0.9867889881134033
155,2016-01-09,0.9868329763412476
156,2016-01-10,0.9992309808731079
157,2016-01-11,1.0615999698638916
158,2016-01-12,1.1410000324249268
159,2016-01-13,1.1252000331878662
160,2016-01-14,1.1895899772644043
161,2016-01-15,1.208009958267212
162,2016-01-16,1.220289945602417
163,2016-01-17,1.3274699449539185
164,2016-01-18,1.4263399839401245
165,2016-01-19,1.3713899850845337
166,2016-01-20,1.5318200588226318
167,2016-01-21,1.553570032119751
168,2016-01-22,1.501270055770874
169,2016-01-23,1.9726699590682983
170,2016-01-24,2.141200065612793
171,2016-01-25,2.499269962310791
172,2016-01-26,2.276370048522949
173,2016-01-27,2.388550043106079
174,2016-01-28,2.5264899730682373
175,2016-01-29,2.494960069656372
176,2016-01-30,2.4450600147247314
177,2016-01-31,2.306040048599243
178,2016-02-01,2.2116899490356445
179,2016-02-02,2.4396400451660156
180,2016-02-03,2.5286900997161865
181,2016-02-04,2.5780398845672607
182,2016-02-05,2.538990020751953
183,2016-02-06,2.5344600677490234
184,2016-02-07,2.9643399715423584
185,2016-02-08,3.1797900199890137
186,2016-02-09,4.044640064239502
187,2016-02-10,4.436260223388672
188,2016-02-11,6.0131001472473145
189,2016-02-12,5.546979904174805
190,2016-02-13,5.38532018661499
191,2016-02-14,5.239729881286621
192,2016-02-15,5.2883501052856445
193,2016-02-16,4.3152899742126465
194,2016-02-17,3.757240056991577
195,2016-02-18,4.399129867553711
196,2016-02-19,4.737889766693115
197,2016-02-20,4.341330051422119
198,2016-02-21,4.653619766235352
199,2016-02-22,5.616499900817871
200,2016-02-23,5.586209774017334
201,2016-02-24,6.2364702224731445
202,2016-02-25,6.104800224304199
203,2016-02-26,5.921669960021973
204,2016-02-27,6.4258599281311035
205,2016-02-28,6.468349933624268
206,2016-02-29,6.336989879608154
207,2016-03-01,7.653689861297607
208,2016-03-02,8.4653902053833
209,2016-03-03,9.294150352478027
210,2016-03-04,10.406000137329102
211,2016-03-05,11.003700256347656
212,2016-03-06,11.38290023803711
213,2016-03-07,9.552630424499512
214,2016-03-08,9.847209930419922
215,2016-03-09,11.89799976348877
216,2016-03-10,11.305000305175781
217,2016-03-11,11.082799911499023
218,2016-03-12,13.533300399780273
219,2016-03-13,14.475000381469727
220,2016-03-14,12.45259952545166
221,2016-03-15,13.010000228881836
222,2016-03-16,12.520899772644043
223,2016-03-17,11.081500053405762
224,2016-03-18,10.998100280761719
225,2016-03-19,10.530699729919434
226,2016-03-20,10.31980037689209
227,2016-03-21,11.864100456237793
228,2016-03-22,11.274800300598145
229,2016-03-23,12.41670036315918
230,2016-03-24,11.234999656677246
231,2016-03-25,10.743200302124023
232,2016-03-26,10.973999977111816
233,2016-03-27,10.41919994354248
234,2016-03-28,11.665599822998047
235,2016-03-29,11.656399726867676
236,2016-03-30,11.952899932861328
237,2016-03-31,11.403499603271484
238,2016-04-01,11.663599967956543
239,2016-04-02,11.598899841308594
240,2016-04-03,11.618300437927246
241,2016-04-04,11.157299995422363
242,2016-04-05,10.43809986114502
243,2016-04-06,10.685400009155273
244,2016-04-07,10.069700241088867
245,2016-04-08,9.719590187072754
246,2016-04-09,9.150620460510254
247,2016-04-10,8.93634033203125
248,2016-04-11,8.643790245056152
249,2016-04-12,7.442309856414795
250,2016-04-13,8.04442024230957
251,2016-04-14,8.387240409851074
252,2016-04-15,8.242779731750488
253,2016-04-16,8.60949993133545
254,2016-04-17,9.309100151062012
255,2016-04-18,9.03600025177002
256,2016-04-19,8.714879989624023
257,2016-04-20,8.465789794921875
258,2016-04-21,8.10216999053955
259,2016-04-22,7.82125997543335
260,2016-04-23,8.294790267944336
261,2016-04-24,8.001350402832031
262,2016-04-25,7.55433988571167
263,2016-04-26,7.397039890289307
264,2016-04-27,7.759970188140869
265,2016-04-28,7.172530174255371
266,2016-04-29,7.457290172576904
267,2016-04-30,8.813980102539062
268,2016-05-01,8.846500396728516
269,2016-05-02,10.163200378417969
270,2016-05-03,9.311269760131836
271,2016-05-04,9.413769721984863
272,2016-05-05,9.82610034942627
273,2016-05-06,9.346639633178711
274,2016-05-07,9.37051010131836
275,2016-05-08,9.482930183410645
276,2016-05-09,9.297730445861816
277,2016-05-10,9.361519813537598
278,2016-05-11,9.9962797164917
279,2016-05-12,10.05780029296875
280,2016-05-13,10.506600379943848
281,2016-05-14,10.239700317382812
282,2016-05-15,9.962349891662598
283,2016-05-16,11.171299934387207
284,2016-05-17,12.198800086975098
285,2016-05-18,13.558600425720215
286,2016-05-19,14.769700050354004
287,2016-05-20,13.635600090026855
288,2016-05-21,14.015000343322754
289,2016-05-22,14.286100387573242
290,2016-05-23,13.46150016784668
291,2016-05-24,12.7322998046875
292,2016-05-25,12.526000022888184
293,2016-05-26,12.430399894714355
294,2016-05-27,11.29580020904541
295,2016-05-28,11.892900466918945
296,2016-05-29,12.3503999710083
297,2016-05-30,12.725299835205078
298,2016-05-31,14.077300071716309
299,2016-06-01,14.001500129699707
300,2016-06-02,13.73799991607666
301,2016-06-03,13.846699714660645
302,2016-06-04,13.740400314331055
303,2016-06-05,13.975000381469727
304,2016-06-06,13.934100151062012
305,2016-06-07,14.51200008392334
306,2016-06-08,14.417699813842773
307,2016-06-09,14.398599624633789
308,2016-06-10,13.908599853515625
309,2016-06-11,14.19159984588623
310,2016-06-12,15.74370002746582
311,2016-06-13,17.602699279785156
312,2016-06-14,18.893199920654297
313,2016-06-15,18.354299545288086
314,2016-06-16,20.588600158691406
315,2016-06-17,15.376799583435059
316,2016-06-18,11.330699920654297
317,2016-06-19,12.234199523925781
318,2016-06-20,11.839500427246094
319,2016-06-21,13.306699752807617
320,2016-06-22,13.095100402832031
321,2016-06-23,13.676199913024902
322,2016-06-24,14.332099914550781
323,2016-06-25,14.282999992370605
324,2016-06-26,13.850199699401855
325,2016-06-27,13.883899688720703
326,2016-06-28,12.175600051879883
327,2016-06-29,12.611200332641602
328,2016-06-30,12.46150016784668
329,2016-07-01,12.19950008392334
330,2016-07-02,12.128399848937988
331,2016-07-03,11.720199584960938
332,2016-07-04,11.470999717712402
333,2016-07-05,10.61139965057373
334,2016-07-06,10.528900146484375
335,2016-07-07,10.109399795532227
336,2016-07-08,11.394599914550781
337,2016-07-09,10.965499877929688
338,2016-07-10,10.947600364685059
339,2016-07-11,10.458999633789062
340,2016-07-12,10.51609992980957
341,2016-07-13,10.500499725341797
342,2016-07-14,11.513199806213379
343,2016-07-15,11.951600074768066
344,2016-07-16,11.652799606323242
345,2016-07-17,11.158699989318848
346,2016-07-18,11.03439998626709
347,2016-07-19,11.619099617004395
348,2016-07-20,12.450599670410156
349,2016-07-21,12.650699615478516
350,2016-07-22,14.66189956665039
351,2016-07-23,14.299699783325195
352,2016-07-24,12.749500274658203
353,2016-07-25,13.836099624633789
354,2016-07-26,11.989500045776367
355,2016-07-27,12.972800254821777
356,2016-07-28,12.843600273132324
357,2016-07-29,12.794599533081055
358,2016-07-30,12.461000442504883
359,2016-07-31,11.875900268554688
360,2016-08-01,10.94159984588623
361,2016-08-02,8.787280082702637
362,2016-08-03,10.293899536132812
363,2016-08-04,11.042799949645996
364,2016-08-05,10.925399780273438
365,2016-08-06,10.881099700927734
366,2016-08-07,10.911600112915039
367,2016-08-08,11.245400428771973
368,2016-08-09,12.24429988861084
369,2016-08-10,12.143199920654297
370,2016-08-11,11.690899848937988
371,2016-08-12,11.778499603271484
372,2016-08-13,11.57129955291748
373,2016-08-14,11.19480037689209
374,2016-08-15,11.218400001525879
375,2016-08-16,11.139699935913086
376,2016-08-17,10.752799987792969
377,2016-08-18,10.756099700927734
378,2016-08-19,10.748700141906738
379,2016-08-20,11.247400283813477
380,2016-08-21,11.179200172424316
381,2016-08-22,11.12090015411377
382,2016-08-23,11.030599594116211
383,2016-08-24,11.03600025177002
384,2016-08-25,11.357399940490723
385,2016-08-26,11.29539966583252
386,2016-08-27,11.148200035095215
387,2016-08-28,10.929300308227539
388,2016-08-29,10.983799934387207
389,2016-08-30,11.228899955749512
390,2016-08-31,11.67240047454834
391,2016-09-01,11.99489974975586
392,2016-09-02,12.11299991607666
393,2016-09-03,11.758700370788574
394,2016-09-04,11.679900169372559
395,2016-09-05,11.717000007629395
396,2016-09-06,11.68910026550293
397,2016-09-07,11.547900199890137
398,2016-09-08,11.34589958190918
399,2016-09-09,11.652799606323242
400,2016-09-10,12.168499946594238
401,2016-09-11,11.638400077819824
402,2016-09-12,11.893699645996094
403,2016-09-13,11.918700218200684
404,2016-09-14,11.923199653625488
405,2016-09-15,11.937000274658203
406,2016-09-16,12.555800437927246
407,2016-09-17,12.698599815368652
408,2016-09-18,12.43120002746582
409,2016-09-19,13.189000129699707
410,2016-09-20,14.430299758911133
411,2016-09-21,13.768500328063965
412,2016-09-22,13.247599601745605
413,2016-09-23,13.331299781799316
414,2016-09-24,12.877900123596191
415,2016-09-25,13.100899696350098
416,2016-09-26,12.823100090026855
417,2016-09-27,13.098299980163574
418,2016-09-28,13.274800300598145
419,2016-09-29,13.073399543762207
420,2016-09-30,13.224800109863281
421,2016-10-01,13.172699928283691
422,2016-10-02,13.199700355529785
423,2016-10-03,13.452400207519531
424,2016-10-04,13.277000427246094
425,2016-10-05,13.035699844360352
426,2016-10-06,12.854299545288086
427,2016-10-07,12.667099952697754
428,2016-10-08,12.219099998474121
429,2016-10-09,12.05370044708252
430,2016-10-10,11.755499839782715
431,2016-10-11,11.785699844360352
432,2016-10-12,11.933500289916992
433,2016-10-13,11.963000297546387
434,2016-10-14,11.938199996948242
435,2016-10-15,11.983400344848633
436,2016-10-16,11.951600074768066
437,2016-10-17,12.005000114440918
438,2016-10-18,12.588500022888184
439,2016-10-19,12.022600173950195
440,2016-10-20,12.098999977111816
441,2016-10-21,12.175399780273438
442,2016-10-22,12.071499824523926
443,2016-10-23,12.03600025177002
444,2016-10-24,11.968999862670898
445,2016-10-25,11.413999557495117
446,2016-10-26,11.531999588012695
447,2016-10-27,11.499699592590332
448,2016-10-28,11.085100173950195
449,2016-10-29,10.444600105285645
450,2016-10-30,11.18280029296875
451,2016-10-31,10.998200416564941
452,2016-11-01,10.76609992980957
453,2016-11-02,10.752599716186523
454,2016-11-03,10.800999641418457
455,2016-11-04,11.090700149536133
456,2016-11-05,11.0024995803833
457,2016-11-06,10.873499870300293
458,2016-11-07,10.808799743652344
459,2016-11-08,10.833700180053711
460,2016-11-09,10.655500411987305
461,2016-11-10,10.524499893188477
462,2016-11-11,10.289899826049805
463,2016-11-12,9.877960205078125
464,2016-11-13,10.101499557495117
465,2016-11-14,9.966480255126953
466,2016-11-15,10.217499732971191
467,2016-11-16,10.059100151062012
468,2016-11-17,9.991180419921875
469,2016-11-18,9.476160049438477
470,2016-11-19,9.662759780883789
471,2016-11-20,9.579279899597168
472,2016-11-21,9.620820045471191
473,2016-11-22,9.905719757080078
474,2016-11-23,9.843620300292969
475,2016-11-24,9.231670379638672
476,2016-11-25,9.402050018310547
477,2016-11-26,9.328109741210938
478,2016-11-27,8.998470306396484
479,2016-11-28,8.724820137023926
480,2016-11-29,8.17411994934082
481,2016-11-30,8.587539672851562
482,2016-12-01,8.452500343322754
483,2016-12-02,7.759960174560547
484,2016-12-03,7.921339988708496
485,2016-12-04,7.4436798095703125
486,2016-12-05,6.821660041809082
487,2016-12-06,7.868929862976074
488,2016-12-07,8.38148021697998
489,2016-12-08,8.230509757995605
490,2016-12-09,8.446009635925293
491,2016-12-10,8.125160217285156
492,2016-12-11,8.193619728088379
493,2016-12-12,8.522210121154785
494,2016-12-13,8.422849655151367
495,2016-12-14,8.265230178833008
496,2016-12-15,7.828470230102539
497,2016-12-16,7.85821008682251
498,2016-12-17,7.876589775085449
499,2016-12-18,7.865320205688477
500,2016-12-19,7.643819808959961
501,2016-12-20,7.660039901733398
502,2016-12-21,7.914400100708008
503,2016-12-22,7.585000038146973
504,2016-12-23,7.166150093078613
505,2016-12-24,7.265769958496094
506,2016-12-25,7.175079822540283
507,2016-12-26,7.274089813232422
508,2016-12-27,7.170820236206055
509,2016-12-28,7.520110130310059
510,2016-12-29,8.284159660339355
511,2016-12-30,8.159979820251465
512,2016-12-31,7.969099998474121
513,2017-01-01,8.17257022857666
514,2017-01-02,8.378510475158691
515,2017-01-03,9.725250244140625
516,2017-01-04,11.25160026550293
517,2017-01-05,10.254400253295898
518,2017-01-06,10.25469970703125
519,2017-01-07,9.86719036102295
520,2017-01-08,10.289799690246582
521,2017-01-09,10.325599670410156
522,2017-01-10,10.549599647521973
523,2017-01-11,9.71776008605957
524,2017-01-12,9.861330032348633
525,2017-01-13,9.769499778747559
526,2017-01-14,9.646659851074219
527,2017-01-15,9.90425968170166
528,2017-01-16,9.636500358581543
529,2017-01-17,10.302300453186035
530,2017-01-18,10.227800369262695
531,2017-01-19,10.397199630737305
532,2017-01-20,10.600600242614746
533,2017-01-21,10.909199714660645
534,2017-01-22,10.703200340270996
535,2017-01-23,10.820799827575684
536,2017-01-24,10.632499694824219
537,2017-01-25,10.570500373840332
538,2017-01-26,10.589099884033203
539,2017-01-27,10.537300109863281
540,2017-01-28,10.5649995803833
541,2017-01-29,10.484000205993652
542,2017-01-30,10.571200370788574
543,2017-01-31,10.727499961853027
544,2017-02-01,10.732099533081055
545,2017-02-02,10.821399688720703
546,2017-02-03,11.114500045776367
547,2017-02-04,11.433500289916992
548,2017-02-05,11.352999687194824
549,2017-02-06,11.389399528503418
550,2017-02-07,11.515299797058105
551,2017-02-08,11.43120002746582
552,2017-02-09,11.03219985961914
553,2017-02-10,11.278900146484375
554,2017-02-11,11.349499702453613
555,2017-02-12,11.399200439453125
556,2017-02-13,11.269499778747559
557,2017-02-14,13.025199890136719
558,2017-02-15,12.919699668884277
559,2017-02-16,12.90369987487793
560,2017-02-17,12.67650032043457
561,2017-02-18,12.810199737548828
562,2017-02-19,12.758500099182129
563,2017-02-20,12.430100440979004
564,2017-02-21,12.668399810791016
565,2017-02-22,12.599699974060059
566,2017-02-23,13.119400024414062
567,2017-02-24,13.069199562072754
568,2017-02-25,13.548700332641602
569,2017-02-26,14.520000457763672
570,2017-02-27,15.396499633789062
571,2017-02-28,15.81719970703125
572,2017-03-01,17.349700927734375
573,2017-03-02,19.03019905090332
574,2017-03-03,19.458999633789062
575,2017-03-04,18.618900299072266
576,2017-03-05,19.30229949951172
577,2017-03-06,19.60569953918457
578,2017-03-07,18.888599395751953
579,2017-03-08,16.65130043029785
580,2017-03-09,17.75469970703125
581,2017-03-10,19.332300186157227
582,2017-03-11,21.47249984741211
583,2017-03-12,23.437700271606445
584,2017-03-13,28.592899322509766
585,2017-03-14,28.654600143432617
586,2017-03-15,35.05590057373047
587,2017-03-16,46.34579849243164
588,2017-03-17,46.827999114990234
589,2017-03-18,34.16019821166992
590,2017-03-19,44.7401008605957
591,2017-03-20,43.390201568603516
592,2017-03-21,43.14509963989258
593,2017-03-22,42.342098236083984
594,2017-03-23,43.67839813232422
595,2017-03-24,53.10749816894531
596,2017-03-25,51.25
597,2017-03-26,50.52159881591797
598,2017-03-27,49.666900634765625
599,2017-03-28,50.774898529052734
600,2017-03-29,53.1260986328125
601,2017-03-30,52.2057991027832
602,2017-03-31,50.03730010986328
603,2017-04-01,50.699501037597656
604,2017-04-02,48.74869918823242
605,2017-04-03,44.35639953613281
606,2017-04-04,44.64189910888672
607,2017-04-05,45.30400085449219
608,2017-04-06,43.24209976196289
609,2017-04-07,42.162601470947266
610,2017-04-08,44.307098388671875
611,2017-04-09,43.266998291015625
612,2017-04-10,43.43519973754883
613,2017-04-11,43.40719985961914
614,2017-04-12,46.28730010986328
615,2017-04-13,50.219398498535156
616,2017-04-14,47.574100494384766
617,2017-04-15,49.10150146484375
618,2017-04-16,48.71849822998047
619,2017-04-17,48.30459976196289
620,2017-04-18,50.70750045776367
621,2017-04-19,48.305301666259766
622,2017-04-20,49.67219924926758
623,2017-04-21,48.22439956665039
624,2017-04-22,48.553001403808594
625,2017-04-23,48.48929977416992
626,2017-04-24,50.03150177001953
627,2017-04-25,49.89120101928711
628,2017-04-26,52.720298767089844
629,2017-04-27,62.167701721191406
630,2017-04-28,70.1592025756836
631,2017-04-29,68.37689971923828
632,2017-04-30,79.02120208740234
633,2017-05-01,76.2969970703125
634,2017-05-02,77.26380157470703
635,2017-05-03,79.71820068359375
636,2017-05-04,96.98139953613281
637,2017-05-05,94.39849853515625
638,2017-05-06,97.8134994506836
639,2017-05-07,94.0073013305664
640,2017-05-08,91.42040252685547
641,2017-05-09,91.16290283203125
642,2017-05-10,89.52490234375
643,2017-05-11,89.87969970703125
644,2017-05-12,88.65540313720703
645,2017-05-13,90.83540344238281
646,2017-05-14,90.7864990234375
647,2017-05-15,92.41490173339844
648,2017-05-16,89.43800354003906
649,2017-05-17,89.86039733886719
650,2017-05-18,96.90630340576172
651,2017-05-19,129.52699279785156
652,2017-05-20,126.52100372314453
653,2017-05-21,157.93699645996094
654,2017-05-22,174.26100158691406
655,2017-05-23,181.95199584960938
656,2017-05-24,190.04600524902344
657,2017-05-25,174.4459991455078
658,2017-05-26,160.4029998779297
659,2017-05-27,157.75799560546875
660,2017-05-28,170.51100158691406
661,2017-05-29,194.90899658203125
662,2017-05-30,231.91099548339844
663,2017-05-31,230.66900634765625
664,2017-06-01,222.23899841308594
665,2017-06-02,223.77499389648438
666,2017-06-03,224.37600708007812
667,2017-06-04,245.33200073242188
668,2017-06-05,248.46400451660156
669,2017-06-06,264.46600341796875
670,2017-06-07,258.0710144042969
671,2017-06-08,261.6659851074219
672,2017-06-09,281.73699951171875
673,2017-06-10,337.6679992675781
674,2017-06-11,340.6090087890625
675,2017-06-12,401.489990234375
676,2017-06-13,397.5369873046875
677,2017-06-14,359.0530090332031
678,2017-06-15,361.9330139160156
679,2017-06-16,370.22698974609375
680,2017-06-17,379.41400146484375
681,2017-06-18,371.4580078125
682,2017-06-19,370.0559997558594
683,2017-06-20,359.0050048828125
684,2017-06-21,336.87200927734375
685,2017-06-22,336.3710021972656
686,2017-06-23,341.739013671875
687,2017-06-24,323.6960144042969
688,2017-06-25,303.24798583984375
689,2017-06-26,272.6919860839844
690,2017-06-27,293.0880126953125
691,2017-06-28,327.927001953125
692,2017-06-29,302.88299560546875
693,2017-06-30,294.9159851074219
694,2017-07-01,274.60101318359375
695,2017-07-02,287.98699951171875
696,2017-07-03,282.89801025390625
697,2017-07-04,273.3030090332031
698,2017-07-05,268.77398681640625
699,2017-07-06,270.54901123046875
700,2017-07-07,245.99099731445312
701,2017-07-08,251.69700622558594
702,2017-07-09,242.13699340820312
703,2017-07-10,215.35699462890625
704,2017-07-11,197.4040069580078
705,2017-07-12,230.7740020751953
706,2017-07-13,209.73300170898438
707,2017-07-14,199.66200256347656
708,2017-07-15,170.65499877929688
709,2017-07-16,157.36300659179688
710,2017-07-17,193.4239959716797
711,2017-07-18,234.39100646972656
712,2017-07-19,199.7030029296875
713,2017-07-20,227.26499938964844
714,2017-07-21,218.30499267578125
715,2017-07-22,229.4759979248047
716,2017-07-23,225.9510040283203
717,2017-07-24,224.71099853515625
718,2017-07-25,206.7100067138672
719,2017-07-26,203.9530029296875
720,2017-07-27,204.3179931640625
721,2017-07-28,193.1230010986328
722,2017-07-29,205.78900146484375
723,2017-07-30,197.97799682617188
724,2017-07-31,203.87100219726562
725,2017-08-01,226.7689971923828
726,2017-08-02,219.95199584960938
727,2017-08-03,225.3419952392578
728,2017-08-04,223.072998046875
729,2017-08-05,256.5069885253906
730,2017-08-06,261.5669860839844
731,2017-08-07,269.17999267578125
732,2017-08-08,296.7690124511719
733,2017-08-09,296.0270080566406
734,2017-08-10,295.8919982910156
735,2017-08-11,308.864013671875
736,2017-08-12,310.60101318359375
737,2017-08-13,298.0639953613281
738,2017-08-14,300.09698486328125
739,2017-08-15,289.8179931640625
740,2017-08-16,302.2669982910156
741,2017-08-17,301.4570007324219
742,2017-08-18,295.5899963378906
743,2017-08-19,297.4700012207031
744,2017-08-20,301.4280090332031
745,2017-08-21,321.59100341796875
746,2017-08-22,314.7850036621094
747,2017-08-23,317.5190124511719
748,2017-08-24,325.6109924316406
749,2017-08-25,331.9150085449219
750,2017-08-26,333.8819885253906
751,2017-08-27,347.89300537109375
752,2017-08-28,347.74700927734375
753,2017-08-29,370.6669921875
754,2017-08-30,378.4849853515625
755,2017-08-31,383.0419921875
756,2017-09-01,387.7409973144531
757,2017-09-02,348.9840087890625
758,2017-09-03,347.4840087890625
759,2017-09-04,295.1709899902344
760,2017-09-05,312.9880065917969
761,2017-09-06,334.3380126953125
762,2017-09-07,329.4280090332031
763,2017-09-08,296.49700927734375
764,2017-09-09,294.4049987792969
765,2017-09-10,288.74700927734375
766,2017-09-11,294.5320129394531
767,2017-09-12,291.4639892578125
768,2017-09-13,277.11199951171875
769,2017-09-14,213.9080047607422
770,2017-09-15,250.46400451660156
771,2017-09-16,246.52200317382812
772,2017-09-17,251.74899291992188
773,2017-09-18,293.49700927734375
774,2017-09-19,282.8039855957031
775,2017-09-20,283.74200439453125
776,2017-09-21,258.5799865722656
777,2017-09-22,264.30999755859375
778,2017-09-23,286.1679992675781
779,2017-09-24,282.4830017089844
780,2017-09-25,292.3320007324219
781,2017-09-26,287.43798828125
782,2017-09-27,306.4670104980469
783,2017-09-28,299.1549987792969
784,2017-09-29,291.4670104980469
785,2017-09-30,301.4649963378906
786,2017-10-01,302.3370056152344
787,2017-10-02,297.4750061035156
788,2017-10-03,292.4630126953125
789,2017-10-04,292.6579895019531
790,2017-10-05,295.8630065917969
791,2017-10-06,308.5880126953125
792,2017-10-07,311.1239929199219
793,2017-10-08,308.6080017089844
794,2017-10-09,297.3919982910156
795,2017-10-10,299.8699951171875
796,2017-10-11,303.45599365234375
797,2017-10-12,304.135986328125
798,2017-10-13,338.7569885253906
799,2017-10-14,339.62799072265625
800,2017-10-15,336.5950012207031
801,2017-10-16,333.3840026855469
802,2017-10-17,317.0820007324219
803,2017-10-18,314.3190002441406
804,2017-10-19,308.0880126953125
805,2017-10-20,304.0060119628906
806,2017-10-21,300.18701171875
807,2017-10-22,295.4460144042969
808,2017-10-23,286.95001220703125
809,2017-10-24,298.3280029296875
810,2017-10-25,297.92498779296875
811,2017-10-26,296.5270080566406
812,2017-10-27,297.4230041503906
813,2017-10-28,296.2980041503906
814,2017-10-29,305.0880126953125
815,2017-10-30,307.7510070800781
816,2017-10-31,305.8789978027344
817,2017-11-01,291.6940002441406
818,2017-11-02,287.4289855957031
819,2017-11-03,305.71099853515625
820,2017-11-04,300.468994140625
821,2017-11-05,296.26300048828125
822,2017-11-06,298.8919982910156
823,2017-11-07,294.65899658203125
824,2017-11-08,309.07000732421875
825,2017-11-09,320.8840026855469
826,2017-11-10,299.25299072265625
827,2017-11-11,314.6809997558594
828,2017-11-12,307.9079895019531
829,2017-11-13,316.71600341796875
830,2017-11-14,337.6310119628906
831,2017-11-15,333.35699462890625
832,2017-11-16,330.92401123046875
833,2017-11-17,332.3940124511719
834,2017-11-18,347.61199951171875
835,2017-11-19,354.385986328125
836,2017-11-20,366.7300109863281
837,2017-11-21,360.4010009765625
838,2017-11-22,380.6520080566406
839,2017-11-23,410.1659851074219
840,2017-11-24,474.9110107421875
841,2017-11-25,466.2760009765625
842,2017-11-26,471.3299865722656
843,2017-11-27,480.3550109863281
844,2017-11-28,472.9020080566406
845,2017-11-29,427.52301025390625
846,2017-11-30,447.114013671875
847,2017-12-01,466.5400085449219
848,2017-12-02,463.4490051269531
849,2017-12-03,465.8529968261719
850,2017-12-04,470.2040100097656
851,2017-12-05,463.281005859375
852,2017-12-06,428.5880126953125
853,2017-12-07,434.4079895019531
854,2017-12-08,456.031005859375
855,2017-12-09,473.50201416015625
856,2017-12-10,441.72100830078125
857,2017-12-11,515.135986328125
858,2017-12-12,651.4310302734375
859,2017-12-13,702.7670288085938
860,2017-12-14,695.8159790039062
861,2017-12-15,684.447998046875
862,2017-12-16,696.208984375
863,2017-12-17,719.9749755859375
864,2017-12-18,794.64501953125
865,2017-12-19,826.822998046875
866,2017-12-20,819.0859985351562
867,2017-12-21,821.06298828125
868,2017-12-22,674.8599853515625
869,2017-12-23,719.3870239257812
870,2017-12-24,694.1480102539062
871,2017-12-25,765.833984375
872,2017-12-26,773.8359985351562
873,2017-12-27,762.8419799804688
874,2017-12-28,737.0230102539062
875,2017-12-29,753.5919799804688
876,2017-12-30,717.2570190429688
877,2017-12-31,756.7329711914062
878,2018-01-01,772.6409912109375
879,2018-01-02,884.4439697265625
880,2018-01-03,962.719970703125
881,2018-01-04,980.9219970703125
882,2018-01-05,997.719970703125
883,2018-01-06,1041.6800537109375
884,2018-01-07,1153.1700439453125
885,2018-01-08,1148.530029296875
886,2018-01-09,1299.739990234375
887,2018-01-10,1255.8199462890625
888,2018-01-11,1154.9300537109375
889,2018-01-12,1273.199951171875
890,2018-01-13,1396.4200439453125
891,2018-01-14,1366.77001953125
892,2018-01-15,1291.9200439453125
893,2018-01-16,1053.68994140625
894,2018-01-17,1014.25
895,2018-01-18,1036.280029296875
896,2018-01-19,1039.0999755859375
897,2018-01-20,1155.1500244140625
898,2018-01-21,1049.5799560546875
899,2018-01-22,1003.260009765625
900,2018-01-23,986.22900390625
901,2018-01-24,1058.780029296875
902,2018-01-25,1056.030029296875
903,2018-01-26,1055.1700439453125
904,2018-01-27,1107.0699462890625
905,2018-01-28,1246.010009765625
906,2018-01-29,1182.3599853515625
907,2018-01-30,1071.1300048828125
908,2018-01-31,1118.31005859375
909,2018-02-01,1036.7900390625
910,2018-02-02,915.7849731445312
911,2018-02-03,964.0189819335938
912,2018-02-04,834.6820068359375
913,2018-02-05,697.9509887695312
914,2018-02-06,793.1220092773438
915,2018-02-07,757.0679931640625
916,2018-02-08,817.8070068359375
917,2018-02-09,883.864990234375
918,2018-02-10,860.4149780273438
919,2018-02-11,814.6599731445312
920,2018-02-12,868.7069702148438
921,2018-02-13,845.2579956054688
922,2018-02-14,923.5609741210938
923,2018-02-15,936.9760131835938
924,2018-02-16,944.2100219726562
925,2018-02-17,974.114990234375
926,2018-02-18,923.9210205078125
927,2018-02-19,943.864990234375
928,2018-02-20,895.3709716796875
929,2018-02-21,849.9710083007812
930,2018-02-22,812.844970703125
931,2018-02-23,864.1890258789062
932,2018-02-24,840.5150146484375
933,2018-02-25,844.8099975585938
934,2018-02-26,869.3150024414062
935,2018-02-27,878.2650146484375
936,2018-02-28,855.198974609375
937,2018-03-01,872.2000122070312
938,2018-03-02,856.85302734375
939,2018-03-03,857.2249755859375
940,2018-03-04,866.677978515625
941,2018-03-05,853.6840209960938
942,2018-03-06,816.9509887695312
943,2018-03-07,752.8309936523438
944,2018-03-08,704.5960083007812
945,2018-03-09,728.916015625
946,2018-03-10,686.8900146484375
947,2018-03-11,723.3389892578125
948,2018-03-12,699.8309936523438
949,2018-03-13,690.8270263671875
950,2018-03-14,614.291015625
951,2018-03-15,611.3040161132812
952,2018-03-16,601.666015625
953,2018-03-17,552.7789916992188
954,2018-03-18,538.6439819335938
955,2018-03-19,556.7260131835938
956,2018-03-20,557.1749877929688
957,2018-03-21,561.7319946289062
958,2018-03-22,539.7020263671875
959,2018-03-23,539.6190185546875
960,2018-03-24,526.4390258789062
961,2018-03-25,524.2869873046875
962,2018-03-26,489.95098876953125
963,2018-03-27,450.1159973144531
964,2018-03-28,446.27899169921875
965,2018-03-29,385.9679870605469
966,2018-03-30,394.6449890136719
967,2018-03-31,396.4570007324219
968,2018-04-01,379.60699462890625
969,2018-04-02,386.42498779296875
970,2018-04-03,416.89300537109375
971,2018-04-04,380.5429992675781
972,2018-04-05,383.23199462890625
973,2018-04-06,370.2850036621094
974,2018-04-07,385.3139953613281
975,2018-04-08,400.50799560546875
976,2018-04-09,398.5260009765625
977,2018-04-10,414.2430114746094
978,2018-04-11,430.5400085449219
979,2018-04-12,492.9410095214844
980,2018-04-13,492.7349853515625
981,2018-04-14,501.4779968261719
982,2018-04-15,531.7020263671875
983,2018-04-16,511.1470031738281
984,2018-04-17,502.8940124511719
985,2018-04-18,524.7890014648438
986,2018-04-19,567.8889770507812
987,2018-04-20,615.718017578125
988,2018-04-21,605.39501953125
989,2018-04-22,621.8599853515625
990,2018-04-23,642.5479736328125
991,2018-04-24,708.1580200195312
992,2018-04-25,615.416015625
993,2018-04-26,662.8090209960938
994,2018-04-27,647.031982421875
995,2018-04-28,683.677978515625
996,2018-04-29,688.8809814453125
997,2018-04-30,669.9240112304688
998,2018-05-01,673.6129760742188
999,2018-05-02,687.1489868164062
1000,2018-05-03,779.5430297851562
1001,2018-05-04,785.6240234375
1002,2018-05-05,816.1199951171875
1003,2018-05-06,792.3109741210938
1004,2018-05-07,753.7249755859375
1005,2018-05-08,752.8569946289062
1006,2018-05-09,752.2750244140625
1007,2018-05-10,727.2769775390625
1008,2018-05-11,679.5859985351562
1009,2018-05-12,686.0479736328125
1010,2018-05-13,733.4959716796875
1011,2018-05-14,730.5490112304688
1012,2018-05-15,708.8709716796875
1013,2018-05-16,707.0499877929688
1014,2018-05-17,672.656982421875
1015,2018-05-18,694.3670043945312
1016,2018-05-19,696.530029296875
1017,2018-05-20,715.3690185546875
1018,2018-05-21,699.2219848632812
1019,2018-05-22,647.7410278320312
1020,2018-05-23,583.5850219726562
1021,2018-05-24,601.7550048828125
1022,2018-05-25,586.7340087890625
1023,2018-05-26,587.280029296875
1024,2018-05-27,572.6680297851562
1025,2018-05-28,516.0360107421875
1026,2018-05-29,565.3880004882812
1027,2018-05-30,559.5900268554688
1028,2018-05-31,577.64501953125
1029,2018-06-01,580.0430297851562
1030,2018-06-02,591.8079833984375
1031,2018-06-03,618.3289794921875
1032,2018-06-04,592.9849853515625
1033,2018-06-05,609.302978515625
1034,2018-06-06,607.1240234375
1035,2018-06-07,605.18701171875
1036,2018-06-08,601.0770263671875
1037,2018-06-09,597.56201171875
1038,2018-06-10,526.47900390625
1039,2018-06-11,533.2839965820312
1040,2018-06-12,496.8429870605469
1041,2018-06-13,477.4939880371094
1042,2018-06-14,519.7420043945312
1043,2018-06-15,491.0039978027344
1044,2018-06-16,499.6419982910156
1045,2018-06-17,500.447998046875
1046,2018-06-18,518.8909912109375
1047,2018-06-19,537.9569702148438
1048,2018-06-20,536.2680053710938
1049,2018-06-21,527.3670043945312
1050,2018-06-22,465.8169860839844
1051,2018-06-23,474.5199890136719
1052,2018-06-24,457.6719970703125
1053,2018-06-25,460.30999755859375
1054,2018-06-26,432.7720031738281
1055,2018-06-27,442.364990234375
1056,2018-06-28,422.364990234375
1057,2018-06-29,436.0090026855469
1058,2018-06-30,455.17999267578125
1059,2018-07-01,453.9179992675781
1060,2018-07-02,475.34698486328125
1061,2018-07-03,464.19500732421875
1062,2018-07-04,467.3179931640625
1063,2018-07-05,474.4119873046875
1064,2018-07-06,474.0119934082031
1065,2018-07-07,491.6600036621094
1066,2018-07-08,489.1189880371094
1067,2018-07-09,476.6820068359375
1068,2018-07-10,434.42401123046875
1069,2018-07-11,446.51800537109375
1070,2018-07-12,430.0740051269531
1071,2018-07-13,434.0270080566406
1072,2018-07-14,436.08599853515625
1073,2018-07-15,449.8500061035156
1074,2018-07-16,480.6579895019531
1075,2018-07-17,501.00201416015625
1076,2018-07-18,480.51300048828125
1077,2018-07-19,469.6189880371094
1078,2018-07-20,450.697998046875
1079,2018-07-21,462.4360046386719
1080,2018-07-22,459.6570129394531
1081,2018-07-23,450.8529968261719
1082,2018-07-24,479.37298583984375
1083,2018-07-25,472.4930114746094
1084,2018-07-26,464.0369873046875
1085,2018-07-27,469.6659851074219
1086,2018-07-28,466.89801025390625
1087,2018-07-29,466.6650085449219
1088,2018-07-30,457.081
1089,2018-07-31,433.867
1090,2018-08-01,420.747
1091,2018-08-02,412.621
1092,2018-08-03,418.262
1093,2018-08-04,407.252
1094,2018-08-05,410.516
1095,2018-08-06,406.658
1096,2018-08-07,380.215
1097,2018-08-08,356.613
1098,2018-08-09,365.588
1099,2018-08-10,334.176
1100,2018-08-11,322.112
1101,2018-08-12,319.57
1102,2018-08-13,286.495
1103,2018-08-14,278.932
1104,2018-08-15,282.364
1105,2018-08-16,288.046
1106,2018-08-17,315.729
1107,2018-08-18,295.812
1108,2018-08-19,300.834
1109,2018-08-20,274.315
1110,2018-08-21,281.944
1111,2018-08-22,271.341
1112,2018-08-23,277.104
1113,2018-08-24,282.967
1114,2018-08-25,279.646
1115,2018-08-26,275.197
1116,2018-08-27,285.603
1117,2018-08-28,296.499
1118,2018-08-29,289.312
1119,2018-08-30,284.105
1120,2018-08-31,283.004
1121,2018-09-01,295.341
1122,2018-09-02,294.371
1123,2018-09-03,289.259
1124,2018-09-04,285.723
1125,2018-09-05,232.331
1126,2018-09-06,230.215
1127,2018-09-07,217.203
1128,2018-09-08,197.951
1129,2018-09-09,196.924
1130,2018-09-10,197.079
1131,2018-09-11,185.066
1132,2018-09-12,183.331
1133,2018-09-13,211.354
1134,2018-09-14,211.749
1135,2018-09-15,223.074
1136,2018-09-16,220.589
1137,2018-09-17,197.875
1138,2018-09-18,209.975
1139,2018-09-19,209.969
1140,2018-09-20,224.591
1141,2018-09-21,246.584
1142,2018-09-22,240.48
1143,2018-09-23,244.33
1144,2018-09-24,228.73
1145,2018-09-25,218.505
1146,2018-09-26,215.847
1147,2018-09-27,228.494
1148,2018-09-28,222.402
1149,2018-09-29,231.635
1150,2018-09-30,232.848
1151,2018-10-01,230.768
1152,2018-10-02,227.181
1153,2018-10-03,220.489
1154,2018-10-04,222.218
1155,2018-10-05,227.601
1156,2018-10-06,225.12
1157,2018-10-07,226.119
1158,2018-10-08,229.255
1159,2018-10-09,227.982
1160,2018-10-10,225.769
1161,2018-10-11,189.499
1162,2018-10-12,196.727
1163,2018-10-13,199.841
1164,2018-10-14,195.715
1165,2018-10-15,209.704
1166,2018-10-16,210.12
1167,2018-10-17,207.083
1168,2018-10-18,203.352
1169,2018-10-19,203.727
1170,2018-10-20,205.43
1171,2018-10-21,205.142
1172,2018-10-22,204.044
1173,2018-10-23,204.336
1174,2018-10-24,203.852
1175,2018-10-25,202.719
1176,2018-10-26,203.329
1177,2018-10-27,204.21
1178,2018-10-28,205.366
1179,2018-10-29,197.247
1180,2018-10-30,197.556
1181,2018-10-31,197.381
1182,2018-11-01,198.872
1183,2018-11-02,200.635
1184,2018-11-03,200.186
1185,2018-11-04,207.486
1186,2018-11-05,209.091
1187,2018-11-06,218.452
1188,2018-11-07,217.183
1189,2018-11-08,212.231
1190,2018-11-09,210.074
1191,2018-11-10,212.533
1192,2018-11-11,211.34
1193,2018-11-12,210.418
1194,2018-11-13,206.826
1195,2018-11-14,181.397
1196,2018-11-15,180.806
1197,2018-11-16,175.177
1198,2018-11-17,174.001
1199,2018-11-18,177.067
1200,2018-11-19,149.175
1201,2018-11-20,130.339
1202,2018-11-21,136.701
1203,2018-11-22,126.706
1204,2018-11-23,123.296
1205,2018-11-24,113.494
1206,2018-11-25,116.45
1207,2018-11-26,108.335
1208,2018-11-27,110.01
1209,2018-11-28,122.438
1210,2018-11-29,117.542645204
1211,2018-11-30,113.171421096
1212,2018-12-01,118.635558644
1213,2018-12-02,116.388899329
1214,2018-12-03,108.925017829
1215,2018-12-04,110.214189589
1216,2018-12-05,102.475555559
1217,2018-12-06,91.7610561566
1218,2018-12-07,93.2945640148
1219,2018-12-08,92.1596396877
1220,2018-12-09,95.1420594843
1221,2018-12-10,91.6856567551
1222,2018-12-11,88.9453032129
1223,2018-12-12,90.5933019065
1224,2018-12-13,86.5393148885
1225,2018-12-14,84.30829593
1226,2018-12-15,84.4408095289
1227,2018-12-16,85.2620969271
1228,2018-12-17,95.1338271163
1229,2018-12-18,101.112455798
1230,2018-12-19,101.268575225
1231,2018-12-20,116.21687011
1232,2018-12-21,109.496233553
1233,2018-12-22,116.759499161
1234,2018-12-23,130.765259805
1235,2018-12-24,140.23800256
1236,2018-12-25,129.84435176
1237,2018-12-26,131.865627374
1238,2018-12-27,116.575910514
1239,2018-12-28,137.647013306
1240,2018-12-29,138.018334779
1241,2018-12-30,139.859452892
1242,2018-12-31,133.368263445
1243,2019-01-01,140.819413158
1244,2019-01-02,155.047677215
1245,2019-01-03,149.135003379
1246,2019-01-04,154.58194227
1247,2019-01-05,155.638589483
1248,2019-01-06,157.746199308
1249,2019-01-07,151.699213451
1250,2019-01-08,150.359633438
1251,2019-01-09,150.80311047
1252,2019-01-10,128.625185944
1253,2019-01-11,127.548324868
1254,2019-01-12,125.9665328
1255,2019-01-13,116.89780148
1256,2019-01-14,129.068732601
1257,2019-01-15,122.032712316
1258,2019-01-16,123.547061541
1259,2019-01-17,123.741921671
1260,2019-01-18,121.010265197
1261,2019-01-19,124.519021209
1262,2019-01-20,119.474828958
1263,2019-01-21,117.157852232
1264,2019-01-22,118.747550914
1265,2019-01-23,117.452609248
1266,2019-01-24,117.362886414
1267,2019-01-25,116.37834358
1268,2019-01-26,116.488738462
1269,2019-01-27,113.405291898
1270,2019-01-28,106.589976822
1271,2019-01-29,105.598213782
1272,2019-01-30,108.90753982
1273,2019-01-31,107.061013064
1274,2019-02-01,107.609786895
1275,2019-02-02,110.430261898
1276,2019-02-03,107.492671458
1277,2019-02-04,107.821603427
1278,2019-02-05,107.443520166
1279,2019-02-06,104.919289868
1280,2019-02-07,104.535298574
1281,2019-02-08,119.267748863
1282,2019-02-09,119.430883307
1283,2019-02-10,124.806484949
1284,2019-02-11,121.298395992
1285,2019-02-12,122.572291057
1286,2019-02-13,122.553602552
1287,2019-02-14,121.390203726
1288,2019-02-15,122.100387372
1289,2019-02-16,123.260213055
1290,2019-02-17,133.59888295
1291,2019-02-18,146.09837101
1292,2019-02-19,145.346183571
1293,2019-02-20,149.554343958
1294,2019-02-21,146.130844289
1295,2019-02-22,149.092454265
1296,2019-02-23,158.79542978
1297,2019-02-24,135.852653564
1298,2019-02-25,139.822855499
1299,2019-02-26,138.08968196
1300,2019-02-27,136.125954509
1301,2019-02-28,136.746252009
1302,2019-03-01,136.443622783
1303,2019-03-02,134.206955299
1304,2019-03-03,132.249417118
1305,2019-03-04,127.774121264
1306,2019-03-05,137.822384799
1307,2019-03-06,138.789354083
1308,2019-03-07,138.03450239
1309,2019-03-08,135.127074998
1310,2019-03-09,137.965335551
1311,2019-03-10,136.758683137
1312,2019-03-11,133.83403156
1313,2019-03-12,134.442888733
1314,2019-03-13,133.263076226
1315,2019-03-14,133.711599756
1316,2019-03-15,137.691783786
1317,2019-03-16,142.398175801
1318,2019-03-17,140.000549501
1319,2019-03-18,139.374600609
1320,2019-03-19,140.519199188
1321,2019-03-20,140.68636173
1322,2019-03-21,136.636060704
1323,2019-03-22,137.181435033
1324,2019-03-23,138.239874551
1325,2019-03-24,136.986925231
1326,2019-03-25,135.031027518
1327,2019-03-26,135.460352857
1328,2019-03-27,140.988157542
1329,2019-03-28,139.416477555
1330,2019-03-29,142.497417117
1331,2019-03-30,142.092680619
1332,2019-03-31,141.514094106
1333,2019-04-01,141.830324349
1334,2019-04-02,163.961741819
1335,2019-04-03,161.458801333
1336,2019-04-04,158.052537823
1337,2019-04-05,165.514845948
1338,2019-04-06,165.947208019
1339,2019-04-07,174.531647379
1340,2019-04-08,180.258815391
1341,2019-04-09,176.114574527
1342,2019-04-10,177.337476528
1343,2019-04-11,165.49701739
1344,2019-04-12,164.736323365
1345,2019-04-13,164.513349875
1346,2019-04-14,167.838520685
1347,2019-04-15,161.574178302
1348,2019-04-16,167.623441183
1349,2019-04-17,166.950761576
1350,2019-04-18,173.814032352
1351,2019-04-19,173.708441176
1352,2019-04-20,173.751265406
1353,2019-04-21,170.046521769
1354,2019-04-22,171.874669558
1355,2019-04-23,171.447798826
1356,2019-04-24,165.82609059
1357,2019-04-25,154.459399951
1358,2019-04-26,156.347087281
1359,2019-04-27,158.43493242
1360,2019-04-28,157.29507397
1361,2019-04-29,155.201995458
1362,2019-04-30,162.166037089
1363,2019-05-01,160.818344256
1364,2019-05-02,162.122791335
1365,2019-05-03,167.952408601
1366,2019-05-04,164.026580539
1367,2019-05-05,163.450697022
1368,2019-05-06,172.653208017
1369,2019-05-07,169.798657365
1370,2019-05-08,170.948168196
1371,2019-05-09,170.289301603
1372,2019-05-10,173.142739021
1373,2019-05-11,194.304341538
1374,2019-05-12,187.325322672
1375,2019-05-13,196.846276938
1376,2019-05-14,217.148571659
1377,2019-05-15,247.153065441
1378,2019-05-16,264.010023118
1379,2019-05-17,243.764593413
1380,2019-05-18,234.595229584
1381,2019-05-19,261.292219263
1382,2019-05-20,251.864416688
1383,2019-05-21,255.215875873
1384,2019-05-22,244.698911619
1385,2019-05-23,245.965672113
1386,2019-05-24,249.484984964
1387,2019-05-25,251.759872316
1388,2019-05-26,267.069644637
1389,2019-05-27,272.86264362
1390,2019-05-28,271.76871076
1391,2019-05-29,269.455701828
1392,2019-05-30,255.858948474
1393,2019-05-31,268.113560321
1394,2019-06-01,265.391260671
1395,2019-06-02,270.225527951
1396,2019-06-03,252.607929766
1397,2019-06-04,241.338786302
1398,2019-06-05,247.051016639
1399,2019-06-06,249.474338747
1400,2019-06-07,250.930360395
1401,2019-06-08,245.738091433
1402,2019-06-09,233.086698165
1403,2019-06-10,247.520125135
1404,2019-06-11,245.781827855
1405,2019-06-12,260.903303733
1406,2019-06-13,256.168792302
1407,2019-06-14,264.08745783
1408,2019-06-15,269.019322335
1409,2019-06-16,269.223201488
1410,2019-06-17,274.35111507
1411,2019-06-18,265.051857677
1412,2019-06-19,269.43179794
1413,2019-06-20,271.695017157
1414,2019-06-21,294.910279603
1415,2019-06-22,309.380305299
1416,2019-06-23,307.827784126
1417,2019-06-24,310.424669171
1418,2019-06-25,318.126310017
1419,2019-06-26,336.753188391
1420,2019-06-27,294.267645009
1421,2019-06-28,311.226103335
1422,2019-06-29,320.058914343
1423,2019-06-30,290.695998902
1424,2019-07-01,293.641117329
1425,2019-07-02,291.596440849
1426,2019-07-03,303.099965055
1427,2019-07-04,284.523211373
1428,2019-07-05,287.997523405
1429,2019-07-06,287.547125887
1430,2019-07-07,305.700559688
1431,2019-07-08,313.251403897
1432,2019-07-09,308.881016742
1433,2019-07-10,290.002318276
1434,2019-07-11,268.704039911
1435,2019-07-12,276.276710845
1436,2019-07-13,269.458810608
1437,2019-07-14,227.578070731
1438,2019-07-15,229.775995774
1439,2019-07-16,199.188675302
1440,2019-07-17,211.484962906
1441,2019-07-18,226.566159112
1442,2019-07-19,221.333421321
1443,2019-07-20,229.119221714
1444,2019-07-21,225.630768716
1445,2019-07-22,217.560020158
1446,2019-07-23,212.728522894
1447,2019-07-24,217.046368323
1448,2019-07-25,219.61799494
1449,2019-07-26,219.62960287
1450,2019-07-27,207.408317263
1451,2019-07-28,211.186552032
1452,2019-07-29,211.268057982
1453,2019-07-30,210.522603615
1454,2019-07-31,218.654145766
1455,2019-08-01,217.808443355
1456,2019-08-02,217.871561739
1457,2019-08-03,222.490335375
1458,2019-08-04,222.66972669
1459,2019-08-05,234.215027081
1460,2019-08-06,226.020649952
1461,2019-08-07,226.391007833
1462,2019-08-08,220.941859044
1463,2019-08-09,210.48891334
1464,2019-08-10,206.733534292
1465,2019-08-11,216.092871768
1466,2019-08-12,211.288063961
1467,2019-08-13,208.709040675
1468,2019-08-14,186.60774116
1469,2019-08-15,188.50206008
1470,2019-08-16,185.4400734
1471,2019-08-17,185.687679251
1472,2019-08-18,194.493530508
1473,2019-08-19,203.091932563
1474,2019-08-20,196.565408066
1475,2019-08-21,186.891630451
1476,2019-08-22,191.332912454
1477,2019-08-23,194.706208556
1478,2019-08-24,191.289562719
1479,2019-08-25,186.842392623
1480,2019-08-26,188.929374951
1481,2019-08-27,187.516661348
1482,2019-08-28,173.88997343
1483,2019-08-29,169.516734455
1484,2019-08-30,168.834875179
1485,2019-08-31,172.469788861
1486,2019-09-01,171.629420013
1487,2019-09-02,178.347353576
1488,2019-09-03,179.49932195
1489,2019-09-04,175.992884274
1490,2019-09-05,174.217126821
1491,2019-09-06,169.956174802
1492,2019-09-07,178.262616376
1493,2019-09-08,181.355524085
1494,2019-09-09,181.149467473
1495,2019-09-10,179.787171751
1496,2019-09-11,178.725492594
1497,2019-09-12,181.01609158
1498,2019-09-13,181.109723362
1499,2019-09-14,188.10550845
1500,2019-09-15,189.789129887
1501,2019-09-16,197.113177378
1502,2019-09-17,208.608748647
1503,2019-09-18,211.393034896
1504,2019-09-19,221.280858893
1505,2019-09-20,218.050055201
1506,2019-09-21,215.516209164
1507,2019-09-22,211.545386424
1508,2019-09-23,201.92131273
1509,2019-09-24,168.110736232
1510,2019-09-25,170.892695093
1511,2019-09-26,166.727124473
1512,2019-09-27,174.710992913
1513,2019-09-28,174.572891745
1514,2019-09-29,170.503485433
1515,2019-09-30,179.872201473
1516,2019-10-01,177.340419656
1517,2019-10-02,180.710506299
1518,2019-10-03,175.199341492
1519,2019-10-04,176.985006881
1520,2019-10-05,176.351522792
1521,2019-10-06,173.059144782
1522,2019-10-07,181.186333328
1523,2019-10-08,182.021563815
1524,2019-10-09,193.293257938
1525,2019-10-10,191.659672427
1526,2019-10-11,182.569691851
1527,2019-10-12,180.826640026
1528,2019-10-13,182.075152956
1529,2019-10-14,186.960906402
1530,2019-10-15,181.406059693
1531,2019-10-16,176.013511357
1532,2019-10-17,178.028348281
1533,2019-10-18,173.621340828
1534,2019-10-19,172.913025758
1535,2019-10-20,175.534373653
1536,2019-10-21,174.920987616
1537,2019-10-22,172.300854142
1538,2019-10-23,162.40278776
1539,2019-10-24,162.16854058
1540,2019-10-25,181.523214189
1541,2019-10-26,179.83547805
1542,2019-10-27,184.242211278
1543,2019-10-28,182.662817561
1544,2019-10-29,190.342582145
1545,2019-10-30,184.692164388
1546,2019-10-31,183.966917607
1547,2019-11-01,183.969902446
1548,2019-11-02,183.925717366
1549,2019-11-03,182.425021922
1550,2019-11-04,186.355190781
1551,2019-11-05,189.304170553
1552,2019-11-06,191.593841453
1553,2019-11-07,187.976543734
1554,2019-11-08,184.211470298
1555,2019-11-09,185.028722122
1556,2019-11-10,189.477274196
1557,2019-11-11,185.489646106
1558,2019-11-12,186.843411554
1559,2019-11-13,188.258745224
1560,2019-11-14,185.999635946
1561,2019-11-15,180.521180884
1562,2019-11-16,183.348359202
1563,2019-11-17,185.119235523
1564,2019-11-18,180.559604932
1565,2019-11-19,177.45554544
1566,2019-11-20,175.6983433
1567,2019-11-21,161.462725503
1568,2019-11-22,150.26817098
1569,2019-11-23,153.417791778
1570,2019-11-24,142.83470143
1571,2019-11-25,146.476535696
1572,2019-11-26,148.96506618
1573,2019-11-27,153.010552055
1574,2019-11-28,151.717573997
1575,2019-11-29,155.304145933
1576,2019-11-30,152.539691345
1577,2019-12-01,151.18572935
1578,2019-12-02,149.059152693
1579,2019-12-03,147.956415218
1580,2019-12-04,146.747737819
1581,2019-12-05,149.248994591
1582,2019-12-06,149.194447774
1583,2019-12-07,148.768162887
1584,2019-12-08,151.264725315
1585,2019-12-09,148.225168781
1586,2019-12-10,146.267046031
1587,2019-12-11,143.607998355
1588,2019-12-12,145.604010549
1589,2019-12-13,144.944741929
1590,2019-12-14,142.869227238
1591,2019-12-15,143.114989792
1592,2019-12-16,133.61402998
1593,2019-12-17,122.603888126
1594,2019-12-18,133.092194403
1595,2019-12-19,129.321129968
1596,2019-12-20,129.066049932
1597,2019-12-21,128.13094934
1598,2019-12-22,132.37251946
1599,2019-12-23,128.614088921
1600,2019-12-24,129.0638929
1601,2019-12-25,126.454637577
1602,2019-12-26,126.361222911
1603,2019-12-27,127.214610889
1604,2019-12-28,128.322711714
1605,2019-12-29,134.757985408
1606,2019-12-30,132.633488892
1607,2019-12-31,129.610859432
1608,2020-01-01,130.802008077
1609,2020-01-02,127.410182379
1610,2020-01-03,134.171712485
1611,2020-01-04,135.069371268
1612,2020-01-05,136.276776707
1613,2020-01-06,144.30415371
1614,2020-01-07,143.543998337
1615,2020-01-08,141.258134415
1616,2020-01-09,138.979196656
1617,2020-01-10,143.963781218
1618,2020-01-11,142.927114494
1619,2020-01-12,145.873931189
1620,2020-01-13,144.226591141
1621,2020-01-14,165.955358611
1622,2020-01-15,166.230685102
1623,2020-01-16,164.391010988
1624,2020-01-17,170.77995796
1625,2020-01-18,175.36567147
1626,2020-01-19,166.969841975
1627,2020-01-20,167.120509335
1628,2020-01-21,169.69716391
1629,2020-01-22,168.294161709
1630,2020-01-23,162.928558428
1631,2020-01-24,163.051182861
1632,2020-01-25,161.283936353
1633,2020-01-26,168.077100489
1634,2020-01-27,170.930890433
1635,2020-01-28,176.370320541
1636,2020-01-29,175.050337929
1637,2020-01-30,184.690476436
1638,2020-01-31,180.160175239
1639,2020-02-01,183.673947121
1640,2020-02-02,188.617538168
1641,2020-02-03,189.865063235
1642,2020-02-04,189.250602393
1643,2020-02-05,204.230244698
1644,2020-02-06,212.339079745
1645,2020-02-07,222.72606629
1646,2020-02-08,223.146521744
1647,2020-02-09,228.578569991
1648,2020-02-10,223.52269963
1649,2020-02-11,235.851199501
1650,2020-02-12,265.406126106
1651,2020-02-13,268.099256044
1652,2020-02-14,284.217509609
1653,2020-02-15,264.728585265
1654,2020-02-16,259.894703492
1655,2020-02-17,266.363446303
1656,2020-02-18,281.944579134
1657,2020-02-19,259.763962739
1658,2020-02-20,257.949455024
1659,2020-02-21,265.600612524
1660,2020-02-22,262.331720974
1661,2020-02-23,273.754156046
1662,2020-02-24,265.216417336
1663,2020-02-25,247.817592279
1664,2020-02-26,225.680265514
1665,2020-02-27,226.753395276
1666,2020-02-28,226.760501479
1667,2020-02-29,219.84851255
1668,2020-03-01,218.970599927
1669,2020-03-02,230.569781825
1670,2020-03-03,224.479622332
1671,2020-03-04,224.517976367
1672,2020-03-05,229.26818886
1673,2020-03-06,243.525299741
1674,2020-03-07,237.853095033
1675,2020-03-08,200.689052256
1676,2020-03-09,201.986327111
1677,2020-03-10,200.767247427
1678,2020-03-11,194.868528471
1679,2020-03-12,112.347123759
1680,2020-03-13,133.201807239
1681,2020-03-14,123.306024593
1682,2020-03-15,125.214304313
1683,2020-03-16,110.605876012
1684,2020-03-17,113.942750228
1685,2020-03-18,114.842273039
1686,2020-03-19,136.593857971
1687,2020-03-20,132.737170068
1688,2020-03-21,132.818707849
1689,2020-03-22,123.321147745
1690,2020-03-23,134.911612009
1691,2020-03-24,138.761445013
1692,2020-03-25,136.195892908
1693,2020-03-26,138.361557339
1694,2020-03-27,133.937940192
1695,2020-03-28,130.986494884
1696,2020-03-29,125.583730441
1697,2020-03-30,132.904538063
1698,2020-03-31,133.593565057
1699,2020-04-01,135.634552336
1700,2020-04-02,142.029147631
1701,2020-04-03,142.091309874
1702,2020-04-04,145.219384622
1703,2020-04-05,143.54664871
1704,2020-04-06,169.135884595
1705,2020-04-07,165.101942525
1706,2020-04-08,172.641733789
1707,2020-04-09,170.807147486
1708,2020-04-10,158.412448608
1709,2020-04-11,158.216023679
1710,2020-04-12,161.142420145
1711,2020-04-13,156.279549094
1712,2020-04-14,157.596395681
1713,2020-04-15,153.286892905
1714,2020-04-16,172.157382821
1715,2020-04-17,171.638582707
1716,2020-04-18,186.914005844
1717,2020-04-19,181.614959142
1718,2020-04-20,172.297157575
1719,2020-04-21,172.737700531
1720,2020-04-22,182.599574801
1721,2020-04-23,185.028670833
1722,2020-04-24,189.236941873
1723,2020-04-25,195.515300681
1724,2020-04-26,197.317530184
1725,2020-04-27,197.2247212
1726,2020-04-28,198.415382994
1727,2020-04-29,216.968223855
1728,2020-04-30,207.602055895
1729,2020-05-01,214.219106382
1730,2020-05-02,215.32538422
1731,2020-05-03,210.93315693
1732,2020-05-04,208.174010942
1733,2020-05-05,206.774404531
1734,2020-05-06,204.055782253
1735,2020-05-07,212.289405787
1736,2020-05-08,212.991579806
1737,2020-05-09,211.600123566
1738,2020-05-10,188.599570436
1739,2020-05-11,185.91283695
1740,2020-05-12,189.312502269
1741,2020-05-13,199.193283428
1742,2020-05-14,202.949100772
1743,2020-05-15,195.622658341
1744,2020-05-16,200.677118596
1745,2020-05-17,207.158694333
1746,2020-05-18,214.525055208
1747,2020-05-19,213.451110911
1748,2020-05-20,210.096735593
1749,2020-05-21,199.883605552
1750,2020-05-22,207.169194624
1751,2020-05-23,208.694402844
1752,2020-05-24,202.370350969
1753,2020-05-25,205.319750096
1754,2020-05-26,201.902309998
1755,2020-05-27,208.863429364
1756,2020-05-28,219.840431324
1757,2020-05-29,220.675124275
1758,2020-05-30,242.345590189
1759,2020-05-31,230.975700856
1760,2020-06-01,246.991760327
1761,2020-06-02,237.219061533
1762,2020-06-03,244.179324047
1763,2020-06-04,244.426387575
1764,2020-06-05,241.221991758
1765,2020-06-06,241.931320121
1766,2020-06-07,245.167259144
1767,2020-06-08,246.309898559
1768,2020-06-09,244.911453825
1769,2020-06-10,247.444943732
1770,2020-06-11,231.702669421
1771,2020-06-12,237.493210284
1772,2020-06-13,238.908842797
1773,2020-06-14,234.114695213
1774,2020-06-15,229.928901759
1775,2020-06-16,234.416174104
1776,2020-06-17,233.028279483
1777,2020-06-18,232.101162633
1778,2020-06-19,227.138289785
1779,2020-06-20,229.274256792
1780,2020-06-21,228.989820504
1781,2020-06-22,242.53319314
1782,2020-06-23,244.142144306
1783,2020-06-24,235.772462091
1784,2020-06-25,232.944486695
1785,2020-06-26,229.66803925
1786,2020-06-27,222.959785939
1787,2020-06-28,225.347168434
1788,2020-06-29,228.194866701
1789,2020-06-30,226.314997358
1790,2020-07-01,231.113421712
1791,2020-07-02,229.392201582
1792,2020-07-03,225.387063259
1793,2020-07-04,229.074112293
1794,2020-07-05,227.664598709
1795,2020-07-06,241.510225122
1796,2020-07-07,239.075528329
1797,2020-07-08,246.670015358
1798,2020-07-09,243.015967829
1799,2020-07-10,240.984985207
1800,2020-07-11,239.45817693
1801,2020-07-12,242.131695235
1802,2020-07-13,239.60458484
1803,2020-07-14,240.211494177
1804,2020-07-15,238.423526948
1805,2020-07-16,233.640883013
1806,2020-07-17,232.773085613
1807,2020-07-18,235.483805219
1808,2020-07-19,238.487523715
1809,2020-07-20,236.153167708
1810,2020-07-21,245.01672849
1811,2020-07-22,262.190656292
1812,2020-07-23,274.689049046
1813,2020-07-24,279.215409484
1814,2020-07-25,304.056761197
1815,2020-07-26,309.643609292
1816,2020-07-27,321.514088181
1817,2020-07-28,316.657252341
1818,2020-07-29,318.190884419
1819,2020-07-30,334.586629282
1820,2020-07-31,345.554649307
1821,2020-08-01,385.199719325
1822,2020-08-02,370.671711492
1823,2020-08-03,386.295173437
1824,2020-08-04,389.875485136
1825,2020-08-05,401.59058634
1826,2020-08-06,394.961957147
1827,2020-08-07,379.512855039
1828,2020-08-08,393.987376065
1829,2020-08-09,391.120454943
1830,2020-08-10,395.887569508
1831,2020-08-11,380.384068285
1832,2020-08-12,391.024162058
1833,2020-08-13,428.741782282
1834,2020-08-14,437.397839521
1835,2020-08-15,433.354926495
1836,2020-08-16,433.786609983
1837,2020-08-17,429.531252334
1838,2020-08-18,423.669315654
1839,2020-08-19,406.463786824
1840,2020-08-20,416.439794883
1841,2020-08-21,389.126350308
1842,2020-08-22,395.835141215
1843,2020-08-23,391.384499842
1844,2020-08-24,408.144207149
1845,2020-08-25,384.001043035
1846,2020-08-26,386.466124211
1847,2020-08-27,382.632632123
1848,2020-08-28,395.874666093
1849,2020-08-29,399.921471038
1850,2020-08-30,428.395717595
1851,2020-08-31,435.079745266
